id,slug,title,youtube_url,youtube_video_id,youtube_status,product,difficulty,short_description,duration_seconds,published_at,playlist,source_notes,enrichment_status
cat-001,how-to-download-and-install-altium-2022-altium-designer,How to download and Install Altium 2022 - Altium Designer,https://www.youtube.com/watch?v=MctyE99XnPA,MctyE99XnPA,id_present,Altium Designer,Beginner,Educational Engineering Team tutorial: How to download and Install Altium 2022 - Altium Designer,0,,,Source: MD channel Altium search dump via parse_report; list#1; batch 1–50; channel=Educational Engineering Team,url_recovered
cat-002,design-motion-sensor-with-esp32-using-altium-designer,Design Motion Sensor with ESP32 using Altium designer,https://www.youtube.com/watch?v=QYD8xXVN5kQ,QYD8xXVN5kQ,id_present,Altium Designer,Intermediate,Educational Engineering Team tutorial: Design Motion Sensor with ESP32 using Altium designer,0,,,Source: MD channel Altium search dump via parse_report; list#2; batch 1–50; channel=Educational Engineering Team,url_recovered
cat-003,adding-the-new-library-file-to-your-design-altium-designer,Adding the new Library File to your Design - Altium Designer,https://www.youtube.com/watch?v=YWJnMMk4J8c,YWJnMMk4J8c,id_present,Altium Designer,Intermediate,Educational Engineering Team tutorial: Adding the new Library File to your Design - Altium Designer,0,,,Source: MD channel Altium search dump via parse_report; list#3; batch 1–50; channel=Educational Engineering Team,url_recovered
cat-004,design-and-create-any-custom-component-in-altium-designer,User Interface Altium Designer,https://www.youtube.com/watch?v=NSaBu7wJqUE,NSaBu7wJqUE,id_present,Altium Designer,Intermediate,Educational Engineering Team YouTube tutorial: User Interface Altium Designer,0,,,Source: MD channel Altium search dump via parse_report; list#4; batch 1–50; channel=Educational Engineering Team Title aligned to YouTube oEmbed audit (CSV sync).,url_recovered
cat-005,pcb-design-make-arduino-nano-using-altium-designer,Introduction To Altium Designer,https://www.youtube.com/watch?v=Uvuxwma19zo,Uvuxwma19zo,id_present,Altium Designer,Intermediate,Educational Engineering Team YouTube tutorial: Introduction To Altium Designer,0,,,Source: MD channel Altium search dump via parse_report; list#5; batch 1–50; channel=Educational Engineering Team Title aligned to YouTube oEmbed audit (CSV sync).,url_recovered
cat-006,usb-lamp-using-altium-designer,USB Lamp using Altium Designer,https://www.youtube.com/watch?v=4hOH0lxFpJc,4hOH0lxFpJc,id_present,Altium Designer,Intermediate,Educational Engineering Team tutorial: USB Lamp using Altium Designer,0,,,Source: MD channel Altium search dump via parse_report; list#6; batch 1–50; channel=Educational Engineering Team,url_recovered
cat-007,arduino-uno-r4-pcb-layout-step-by-step-in-altium-designer,Arduino UNO R4 PCB Layout Step by Step in Altium Designer,https://www.youtube.com/watch?v=qM0GwF1WdgE,qM0GwF1WdgE,id_present,Altium Designer,Intermediate,Educational Engineering Team tutorial: Arduino UNO R4 PCB Layout Step by Step in Altium Designer,0,,,Source: MD channel Altium search dump via parse_report; list#7; batch 1–50; channel=Educational Engineering Team,url_recovered
cat-008,thief-door-alarm-using-transistor-using-altium-designer,Thief Door Alarm Using Transistor using Altium Designer,https://www.youtube.com/watch?v=WLs8QpxUcM4,WLs8QpxUcM4,id_present,Altium Designer,Intermediate,Educational Engineering Team tutorial: Thief Door Alarm Using Transistor using Altium Designer,0,,,Source: MD channel Altium search dump via parse_report; list#8; batch 1–50; channel=Educational Engineering Team,url_recovered
cat-009,working-with-active-route-altium-designer,Working with active route-Altium Designer,https://www.youtube.com/watch?v=CdhZ_kOs-BE,CdhZ_kOs-BE,id_present,Altium Designer,Intermediate,Educational Engineering Team tutorial: Working with active route-Altium Designer,0,,,Source: MD channel Altium search dump via parse_report; list#9; batch 1–50; channel=Educational Engineering Team,url_recovered
cat-010,led-flasher-using-altium-designer,LED Flasher using Altium Designer,https://www.youtube.com/watch?v=H1lNbB7ICTs,H1lNbB7ICTs,id_present,Altium Designer,Intermediate,Educational Engineering Team tutorial: LED Flasher using Altium Designer,0,,,Source: MD channel Altium search dump via parse_report; list#10; batch 1–50; channel=Educational Engineering Team,url_recovered
cat-011,altium-library-management-github-desktop-made-simple,Altium Library Management: GitHub Desktop Made Simple!,https://www.youtube.com/watch?v=RZHgG0sxO_Y,RZHgG0sxO_Y,id_present,Altium Designer,Intermediate,Educational Engineering Team tutorial: Altium Library Management: GitHub Desktop Made Simple!,0,,,Source: MD channel Altium search dump via parse_report; list#11; batch 1–50; channel=Educational Engineering Team,url_recovered
cat-012,design-full-bridge-rectifier-pcb-using-altium-designer,Design Full bridge rectifier PCB using Altium designer,https://www.youtube.com/watch?v=p8fiEBc6ye0,p8fiEBc6ye0,id_present,Altium Designer,Intermediate,Educational Engineering Team tutorial: Design Full bridge rectifier PCB using Altium designer,0,,,Source: MD channel Altium search dump via parse_report; list#12; batch 1–50; channel=Educational Engineering Team,url_recovered
cat-013,theft-alarm-using-altium-designer,Theft Alarm using Altium Designer,https://www.youtube.com/watch?v=DJvosW6d7eU,DJvosW6d7eU,id_present,Altium Designer,Intermediate,Educational Engineering Team tutorial: Theft Alarm using Altium Designer,0,,,Source: MD channel Altium search dump via parse_report; list#13; batch 1–50; channel=Educational Engineering Team,url_recovered
cat-014,design-flashlight-using-altium-designer,Design Flashlight using Altium Designer,https://www.youtube.com/watch?v=Kh5HNx3XbGo,Kh5HNx3XbGo,id_present,Altium Designer,Intermediate,Educational Engineering Team tutorial: Design Flashlight using Altium Designer,0,,,Source: MD channel Altium search dump via parse_report; list#14; batch 1–50; channel=Educational Engineering Team,url_recovered
cat-015,create-component-symbol-add-pins-altium-designer,Create Component Symbol & Add Pins Altium Designer,https://www.youtube.com/watch?v=ABsYVuiAEvI,ABsYVuiAEvI,id_present,Altium Designer,Intermediate,Educational Engineering Team tutorial: Create Component Symbol & Add Pins Altium Designer,0,,,Source: MD channel Altium search dump via parse_report; list#15; batch 1–50; channel=Educational Engineering Team,url_recovered
cat-016,switching-regulator-design-altium-designer-tutorial,Switching Regulator Design - Altium Designer Tutorial,https://www.youtube.com/watch?v=my7_tfx9sJc,my7_tfx9sJc,id_present,Altium Designer,Intermediate,Educational Engineering Team tutorial: Switching Regulator Design - Altium Designer Tutorial,0,,,Source: MD channel Altium search dump via parse_report; list#16; batch 1–50; channel=Educational Engineering Team,url_recovered
cat-017,verifying-the-project-to-check-for-errors-altium-designer,Verifying the project to check for errors- Altium Designer,https://www.youtube.com/watch?v=0qYLfgetUUM,0qYLfgetUUM,id_present,Altium Designer,Intermediate,Educational Engineering Team tutorial: Verifying the project to check for errors- Altium Designer,0,,,Source: MD channel Altium search dump via parse_report; list#17; batch 1–50; channel=Educational Engineering Team,url_recovered
cat-018,design-bluetooth-module-with-arduino-nano-using-altium-designer,Design Bluetooth module with Arduino nano using Altium designer,https://www.youtube.com/watch?v=Mphb6qw1OLw,Mphb6qw1OLw,id_present,Altium Designer,Intermediate,Educational Engineering Team tutorial: Design Bluetooth module with Arduino nano using Altium designer,0,,,Source: MD channel Altium search dump via parse_report; list#18; batch 1–50; channel=Educational Engineering Team,url_recovered
cat-019,setting-up-the-grid-in-altium-designer,Setting up the grid in Altium Designer,https://www.youtube.com/watch?v=aG0y-zjV87A,aG0y-zjV87A,id_present,Altium Designer,Intermediate,Educational Engineering Team tutorial: Setting up the grid in Altium Designer,0,,,Source: MD channel Altium search dump via parse_report; list#19; batch 1–50; channel=Educational Engineering Team,url_recovered
cat-020,design-flame-detector-using-altium-designer,Design Flame detector using Altium Designer,https://www.youtube.com/watch?v=MJnNScVXFIo,MJnNScVXFIo,id_present,Altium Designer,Intermediate,Educational Engineering Team tutorial: Design Flame detector using Altium Designer,0,,,Source: MD channel Altium search dump via parse_report; list#20; batch 1–50; channel=Educational Engineering Team,url_recovered
cat-021,arduino-uno-r4-schematic-design-step-by-step-in-altium-designer,Arduino UNO R4 Schematic Design Step by Step in Altium Designer,https://www.youtube.com/watch?v=raycLqor0OU,raycLqor0OU,id_present,Altium Designer,Intermediate,Educational Engineering Team tutorial: Arduino UNO R4 Schematic Design Step by Step in Altium Designer,0,,,Source: MD channel Altium search dump via parse_report; list#21; batch 1–50; channel=Educational Engineering Team,url_recovered
cat-022,current-sensor-switch-using-altium-designer,Current Sensor Switch using Altium Designer,https://www.youtube.com/watch?v=XkR5dt33wxs,XkR5dt33wxs,id_present,Altium Designer,Intermediate,Educational Engineering Team tutorial: Current Sensor Switch using Altium Designer,0,,,Source: MD channel Altium search dump via parse_report; list#22; batch 1–50; channel=Educational Engineering Team,url_recovered
cat-023,simple-calculator-using-altium-designer,Simple calculator using Altium Designer,https://www.youtube.com/watch?v=5U9tZ9eO7WA,5U9tZ9eO7WA,id_present,Altium Designer,Intermediate,Educational Engineering Team tutorial: Simple calculator using Altium Designer,0,,,Source: MD channel Altium search dump via parse_report; list#23; batch 1–50; channel=Educational Engineering Team,url_recovered
cat-024,design-gps-tracker-using-altium-designer,Design GPS tracker using Altium designer,https://www.youtube.com/watch?v=1m60rD2W-5E,1m60rD2W-5E,id_present,Altium Designer,Intermediate,Educational Engineering Team tutorial: Design GPS tracker using Altium designer,0,,,Source: MD channel Altium search dump via parse_report; list#24; batch 1–50; channel=Educational Engineering Team,url_recovered
cat-025,clearance-violations-altium-designer,Clearance violations- Altium Designer,https://www.youtube.com/watch?v=bUoBHDvcMJI,bUoBHDvcMJI,id_present,Altium Designer,Intermediate,Educational Engineering Team tutorial: Clearance violations- Altium Designer,0,,,Source: MD channel Altium search dump via parse_report; list#25; batch 1–50; channel=Educational Engineering Team,url_recovered
cat-026,ftdi-regulator-capacitors-altium-designer,FTDI Regulator Capacitors Altium Designer,https://www.youtube.com/watch?v=Oc3UNDwiFC8,Oc3UNDwiFC8,id_present,Altium Designer,Intermediate,Educational Engineering Team tutorial: FTDI Regulator Capacitors Altium Designer,0,,,Source: MD channel Altium search dump via parse_report; list#26; batch 1–50; channel=Educational Engineering Team,url_recovered
cat-027,dc-motor-speed-control-circuit-using-altium-designer,DC Motor Speed Control Circuit using Altium Designer,https://www.youtube.com/watch?v=MlM2TKyxMaM,MlM2TKyxMaM,id_present,Altium Designer,Intermediate,Educational Engineering Team tutorial: DC Motor Speed Control Circuit using Altium Designer,0,,,Source: MD channel Altium search dump via parse_report; list#27; batch 1–50; channel=Educational Engineering Team,url_recovered
cat-028,design-with-altium-today,Design with Altium today!,https://www.youtube.com/watch?v=KBOZ0ME73rk,KBOZ0ME73rk,id_present,Altium Designer,Intermediate,Educational Engineering Team tutorial: Design with Altium today!,0,,,Source: MD channel Altium search dump via parse_report; list#28; batch 1–50; channel=Educational Engineering Team,url_recovered
cat-029,editing-the-board-shape-altium-designer,Editing the board shape- Altium Designer,https://www.youtube.com/watch?v=SznEFaHAZEo,SznEFaHAZEo,id_present,Altium Designer,Intermediate,Educational Engineering Team tutorial: Editing the board shape- Altium Designer,0,,,Source: MD channel Altium search dump via parse_report; list#29; batch 1–50; channel=Educational Engineering Team,url_recovered
cat-030,03-building-bridge-between-jira-and-altium-develop,03 Building Bridge Between Jira and Altium Develop,https://www.youtube.com/watch?v=20cdd29fgO8,20cdd29fgO8,id_present,Altium Develop,Intermediate,Educational Engineering Team tutorial: 03 Building Bridge Between Jira and Altium Develop,0,,Numbered tutorial (part 03),Source: MD channel Altium search dump via parse_report; list#30; batch 1–50; channel=Educational Engineering Team,url_recovered
cat-031,design-multivibrator-circuit-flip-flop-using-altium-designer,Design Multivibrator circuit FLIP FLOP using Altium designer,https://www.youtube.com/watch?v=vUQ_9IHanKM,vUQ_9IHanKM,id_present,Altium Designer,Intermediate,Educational Engineering Team tutorial: Design Multivibrator circuit FLIP FLOP using Altium designer,0,,,Source: MD channel Altium search dump via parse_report; list#31; batch 1–50; channel=Educational Engineering Team,url_recovered
cat-032,voltage-sensor-using-altium-desinger,Voltage Sensor using Altium Desinger,https://www.youtube.com/watch?v=3HaY1IQKNx0,3HaY1IQKNx0,id_present,Altium Designer,Intermediate,Educational Engineering Team tutorial: Voltage Sensor using Altium Desinger,0,,,Source: MD channel Altium search dump via parse_report; list#32; batch 1–50; channel=Educational Engineering Team,url_recovered
cat-033,pcb-rules-and-violations-panel-altium-designer,PCB Rules and Violations Panel- Altium Designer,https://www.youtube.com/watch?v=bhWnsSUGLVg,bhWnsSUGLVg,id_present,Altium Designer,Intermediate,Educational Engineering Team tutorial: PCB Rules and Violations Panel- Altium Designer,0,,,Source: MD channel Altium search dump via parse_report; list#33; batch 1–50; channel=Educational Engineering Team,url_recovered
cat-034,individual-outputs-or-an-output-job-file-altium-designer,Individual outputs or an output job file-Altium Designer,https://www.youtube.com/watch?v=Ysyon1azRUY,Ysyon1azRUY,id_present,Altium Designer,Intermediate,Educational Engineering Team tutorial: Individual outputs or an output job file-Altium Designer,0,,,Source: MD channel Altium search dump via parse_report; list#34; batch 1–50; channel=Educational Engineering Team,url_recovered
cat-035,interactive-routing-with-altium-designer,Interactive Routing with altium designer,https://www.youtube.com/watch?v=kyHoF9tjlMM,kyHoF9tjlMM,id_present,Altium Designer,Intermediate,Educational Engineering Team tutorial: Interactive Routing with altium designer,0,,,Source: MD channel Altium search dump via parse_report; list#35; batch 1–50; channel=Educational Engineering Team,url_recovered
cat-036,active-route-automated-interactive-routing-altium-designer,Active route automated interactive routing-Altium Designer,https://www.youtube.com/watch?v=GmwQZfarqV8,GmwQZfarqV8,id_present,Altium Designer,Intermediate,Educational Engineering Team tutorial: Active route automated interactive routing-Altium Designer,0,,,Source: MD channel Altium search dump via parse_report; list#36; batch 1–50; channel=Educational Engineering Team,url_recovered
cat-037,nets-and-net-labels-altium-designer,Nets and Net Labels- Altium Designer,https://www.youtube.com/watch?v=7XJIDj5HdMo,7XJIDj5HdMo,id_present,Altium Designer,Intermediate,Educational Engineering Team tutorial: Nets and Net Labels- Altium Designer,0,,,Source: MD channel Altium search dump via parse_report; list#37; batch 1–50; channel=Educational Engineering Team,url_recovered
cat-038,setting-up-the-connection-matrix-altium-designer,Setting up the connection matrix- Altium Designer,https://www.youtube.com/watch?v=rHcH1XivrZI,rHcH1XivrZI,id_present,Altium Designer,Intermediate,Educational Engineering Team tutorial: Setting up the connection matrix- Altium Designer,0,,,Source: MD channel Altium search dump via parse_report; list#38; batch 1–50; channel=Educational Engineering Team,url_recovered
cat-039,design-stack-up-and-design-rules-altium-designer-tutorial,Design Stack-Up and Design Rules - Altium Designer Tutorial,https://www.youtube.com/watch?v=8o528JEp12Q,8o528JEp12Q,id_present,Altium Designer,Intermediate,Educational Engineering Team tutorial: Design Stack-Up and Design Rules - Altium Designer Tutorial,0,,,Source: MD channel Altium search dump via parse_report; list#39; batch 1–50; channel=Educational Engineering Team,url_recovered
cat-040,lamp-dimmer-using-altium-designer,Lamp Dimmer using Altium Designer,https://www.youtube.com/watch?v=5Z0biRZTdJ0,5Z0biRZTdJ0,id_present,Altium Designer,Intermediate,Educational Engineering Team tutorial: Lamp Dimmer using Altium Designer,0,,,Source: MD channel Altium search dump via parse_report; list#40; batch 1–50; channel=Educational Engineering Team,url_recovered
cat-041,mastering-altium-develop-workflows,How to Effectively Use History in Altium Develop,https://www.youtube.com/watch?v=5TIyURTBs-U,5TIyURTBs-U,id_present,Altium Develop,Intermediate,Educational Engineering Team YouTube tutorial: How to Effectively Use History in Altium Develop,0,,,Source: MD channel Altium search dump via parse_report; list#41; batch 1–50; channel=Educational Engineering Team Title aligned to YouTube oEmbed audit (CSV sync).,url_recovered
cat-042,ds3231-real-time-clock-altium-designer,DS3231 Real Time Clock Altium Designer,https://www.youtube.com/watch?v=-bAQN9V3pkg,-bAQN9V3pkg,id_present,Altium Designer,Intermediate,Educational Engineering Team tutorial: DS3231 Real Time Clock Altium Designer,0,,,Source: MD channel Altium search dump via parse_report; list#42; batch 1–50; channel=Educational Engineering Team,url_recovered
cat-043,physical-layers-and-the-layer-stack-manager-altium-designer,Physical layers and the layer stack manager- Altium Designer,https://www.youtube.com/watch?v=jffLgs-soVU,jffLgs-soVU,id_present,Altium Designer,Intermediate,Educational Engineering Team tutorial: Physical layers and the layer stack manager- Altium Designer,0,,,Source: MD channel Altium search dump via parse_report; list#43; batch 1–50; channel=Educational Engineering Team,url_recovered
cat-044,viewing-your-board-in-3d-altium-designer,Viewing your board in 3d- Altium Designer,https://www.youtube.com/watch?v=fub4bTpdBh4,fub4bTpdBh4,id_present,Altium Designer,Intermediate,Educational Engineering Team tutorial: Viewing your board in 3d- Altium Designer,0,,,Source: MD channel Altium search dump via parse_report; list#44; batch 1–50; channel=Educational Engineering Team,url_recovered
cat-045,12-altium-designer-tutorial-pcb-component-layout-layer-setup,12 Altium Designer Tutorial PCB Component Layout & Layer Setup,https://www.youtube.com/watch?v=kG1dRfyjbcw,kG1dRfyjbcw,id_present,Altium Designer,Intermediate,Educational Engineering Team tutorial: 12 Altium Designer Tutorial PCB Component Layout & Layer Setup,0,,Numbered tutorial (part 12),Source: MD channel Altium search dump via parse_report; list#45; batch 1–50; channel=Educational Engineering Team,url_recovered
cat-046,design-flasher-pcb-using-altium-designer,Design Flasher PCB using Altium designer,https://www.youtube.com/watch?v=BxwFrMhm0Ic,BxwFrMhm0Ic,id_present,Altium Designer,Intermediate,Educational Engineering Team tutorial: Design Flasher PCB using Altium designer,0,,,Source: MD channel Altium search dump via parse_report; list#46; batch 1–50; channel=Educational Engineering Team,url_recovered
cat-047,overvoltage-protection-circuit-using-altium-designer,Overvoltage Protection Circuit using ALtium Designer,https://www.youtube.com/watch?v=mp8QZ_4I4To,mp8QZ_4I4To,id_present,Altium Designer,Intermediate,Educational Engineering Team tutorial: Overvoltage Protection Circuit using ALtium Designer,0,,,Source: MD channel Altium search dump via parse_report; list#47; batch 1–50; channel=Educational Engineering Team,url_recovered
cat-048,03-from-schematic-to-pcb-in-altium-develop,03 | From Schematic to PCB in Altium Develop,https://www.youtube.com/watch?v=96oGDMsqN3I,96oGDMsqN3I,id_present,Altium Develop,Intermediate,Educational Engineering Team tutorial: 03 | From Schematic to PCB in Altium Develop,0,,Altium Develop series (episode 03),Source: MD channel Altium search dump via parse_report; list#48; batch 1–50; channel=Educational Engineering Team,url_recovered
cat-049,defining-the-electrical-clearance-constraint-altium-designer,Defining the electrical clearance constraint-Altium Designer,https://www.youtube.com/watch?v=43MOAejssrM,43MOAejssrM,id_present,Altium Designer,Intermediate,Educational Engineering Team tutorial: Defining the electrical clearance constraint-Altium Designer,0,,,Source: MD channel Altium search dump via parse_report; list#49; batch 1–50; channel=Educational Engineering Team,url_recovered
cat-050,mq3-alcohol-sensor-using-altium-designer,MQ3 Alcohol Sensor using Altium Designer,https://www.youtube.com/watch?v=XDaTqnhFwfw,XDaTqnhFwfw,id_present,Altium Designer,Intermediate,Educational Engineering Team tutorial: MQ3 Alcohol Sensor using Altium Designer,0,,,Source: MD channel Altium search dump via parse_report; list#50; batch 1–50; channel=Educational Engineering Team,url_recovered
cat-051,design-your-own-customized-pir-motion-sensor-in-altium-designer,Design Your Own Customized Pir Motion Sensor In Altium Designer,https://www.youtube.com/watch?v=RXxcBgoWhJ0,RXxcBgoWhJ0,id_present,Altium Designer,Intermediate,Educational Engineering Team tutorial: Design Your Own Customized Pir Motion Sensor In Altium Designer,0,,,Source: MD channel Altium search dump via parse_report; list#51; batch 51–100; channel=Educational Engineering Team,url_recovered
cat-052,designing-flex-pcbs-with-ai-for-wearables-in-altium,Designing Flex PCBs with AI for Wearables in Altium,https://www.youtube.com/watch?v=z9bMEFApfXc,z9bMEFApfXc,id_present,Altium Designer,Intermediate,Educational Engineering Team tutorial: Designing Flex PCBs with AI for Wearables in Altium,0,,,Source: MD channel Altium search dump via parse_report; list#52; batch 51–100; channel=Educational Engineering Team,url_recovered
cat-053,creating-the-atmega-component-symbol-altium-designer,Creating the Atmega Component Symbol Altium Designer,https://www.youtube.com/watch?v=8NIERgLJXE8,8NIERgLJXE8,id_present,Altium Designer,Intermediate,Educational Engineering Team tutorial: Creating the Atmega Component Symbol Altium Designer,0,,,Source: MD channel Altium search dump via parse_report; list#53; batch 51–100; channel=Educational Engineering Team,url_recovered
cat-054,get-up-to-speed-with-your-pcb-design-process-using-altium-designer,Get Up To Speed With Your Pcb Design Process Using Altium Designer,https://www.youtube.com/watch?v=XEhOmIe6iAE,XEhOmIe6iAE,id_present,Altium Designer,Intermediate,Educational Engineering Team tutorial: Get Up To Speed With Your Pcb Design Process Using Altium Designer,0,,,Source: MD channel Altium search dump via parse_report; list#54; batch 51–100; channel=Educational Engineering Team,url_recovered
cat-055,air-flow-detector-using-altium-designer,Air Flow Detector using Altium Designer,https://www.youtube.com/watch?v=ZOiBOIBMx0s,ZOiBOIBMx0s,id_present,Altium Designer,Intermediate,Educational Engineering Team tutorial: Air Flow Detector using Altium Designer,0,,,Source: MD channel Altium search dump via parse_report; list#55; batch 51–100; channel=Educational Engineering Team,url_recovered
cat-056,how-to-access-altium-s-db-library-like-a-pro,How to Access Altium's DB Library Like a Pro,https://www.youtube.com/watch?v=c5pqdk3mgYg,c5pqdk3mgYg,id_present,Altium Designer,Intermediate,Educational Engineering Team tutorial: How to Access Altium's DB Library Like a Pro,0,,,Source: MD channel Altium search dump via parse_report; list#56; batch 51–100; channel=Educational Engineering Team,url_recovered
cat-057,drc-rules-to-check-altium-designer,DRC rules to check-Altium Designer,https://www.youtube.com/watch?v=1jOJvlR0YBk,1jOJvlR0YBk,id_present,Altium Designer,Intermediate,Educational Engineering Team tutorial: DRC rules to check-Altium Designer,0,,,Source: MD channel Altium search dump via parse_report; list#57; batch 51–100; channel=Educational Engineering Team,url_recovered
cat-058,10-how-to-release-a-project-in-altium-develop,10 How to Release a Project in Altium Develop,https://www.youtube.com/watch?v=4rI8BLQ1PXk,4rI8BLQ1PXk,id_present,Altium Develop,Intermediate,Educational Engineering Team tutorial: 10 How to Release a Project in Altium Develop,0,,Altium Develop how-to (part 10),Source: MD channel Altium search dump via parse_report; list#58; batch 51–100; channel=Educational Engineering Team,url_recovered
cat-059,altium-designer-pcb-clearance-settings-the-ultimate-guide,Altium Designer PCB Clearance Settings: The Ultimate Guide,https://www.youtube.com/watch?v=88Pm8Ne3t2g,88Pm8Ne3t2g,id_present,Altium Designer,Intermediate,Educational Engineering Team tutorial: Altium Designer PCB Clearance Settings: The Ultimate Guide,0,,,Source: MD channel Altium search dump via parse_report; list#59; batch 51–100; channel=Educational Engineering Team,url_recovered
cat-060,design-speaker-using-altium-designer,Design Speaker using Altium designer,https://www.youtube.com/watch?v=af4kxdo8mzg,af4kxdo8mzg,id_present,Altium Designer,Intermediate,Educational Engineering Team tutorial: Design Speaker using Altium designer,0,,,Source: MD channel Altium search dump via parse_report; list#60; batch 51–100; channel=Educational Engineering Team,url_recovered
cat-061,8-how-to-add-wires-net-labels-power-ports-in-altium-designer,"8 How to Add Wires, Net Labels & Power Ports in Altium Designer",https://www.youtube.com/watch?v=uxQ5BToKINI,uxQ5BToKINI,id_present,Altium Designer,Intermediate,"Educational Engineering Team tutorial: 8 How to Add Wires, Net Labels & Power Ports in Altium Designer",0,,Altium Develop how-to (part 8),Source: MD channel Altium search dump via parse_report; list#61; batch 51–100; channel=Educational Engineering Team,url_recovered
cat-062,making-footprint-and-pcb-layout-altium-designer,Making Footprint and PCB Layout - Altium Designer,https://www.youtube.com/watch?v=OC7waWB8Msc,OC7waWB8Msc,id_present,Altium Designer,Intermediate,Educational Engineering Team tutorial: Making Footprint and PCB Layout - Altium Designer,0,,,Source: MD channel Altium search dump via parse_report; list#62; batch 51–100; channel=Educational Engineering Team,url_recovered
cat-063,13-master-advanced-schematic-search-features-in-altium-designer,13 Master Advanced Schematic Search Features in Altium Designer,https://www.youtube.com/watch?v=PbzuaVGsaEU,PbzuaVGsaEU,id_present,Altium Designer,Advanced,Educational Engineering Team tutorial: 13 Master Advanced Schematic Search Features in Altium Designer,0,,Numbered tutorial (part 13),Source: MD channel Altium search dump via parse_report; list#63; batch 51–100; channel=Educational Engineering Team,url_recovered
cat-064,07-pcb-board-planning-strategy-for-reliable-hardware-design-in-altium-develop,07| PCB Board Planning Strategy for Reliable Hardware Design in Altium Develop,https://www.youtube.com/watch?v=Z2HSuQYWrPs,Z2HSuQYWrPs,id_present,Altium Develop,Intermediate,Educational Engineering Team tutorial: 07| PCB Board Planning Strategy for Reliable Hardware Design in Altium Develop,0,,Altium Develop series (episode 07),Source: MD channel Altium search dump via parse_report; list#64; batch 51–100; channel=Educational Engineering Team,url_recovered
cat-065,car-amplifier-using-altium-designer,Car Amplifier using Altium Designer,https://www.youtube.com/watch?v=p-w-DTApCQY,p-w-DTApCQY,id_present,Altium Designer,Intermediate,Educational Engineering Team tutorial: Car Amplifier using Altium Designer,0,,,Source: MD channel Altium search dump via parse_report; list#65; batch 51–100; channel=Educational Engineering Team,url_recovered
cat-066,modular-hardware-architecture-without-hidden-debt-in-altium-develop-scalable-pcb,Modular Hardware Architecture Without Hidden Debt in Altium Develop | Scalable PCB Design,https://www.youtube.com/watch?v=wxnWPUUdf9Q,wxnWPUUdf9Q,id_present,Altium Develop,Intermediate,Educational Engineering Team tutorial: Modular Hardware Architecture Without Hidden Debt in Altium Develop | Scalable PCB Design,0,,,Source: MD channel Altium search dump via parse_report; list#66; batch 51–100; channel=Educational Engineering Team; alt titles: Modular Hardware Architecture Without Hidden Debt in Altium Develop,url_recovered
cat-067,10-import-design-changes-and-create-pcb-outline-in-altium,10 Import Design Changes and Create PCB Outline in Altium,https://www.youtube.com/watch?v=Ev50Iv42V18,Ev50Iv42V18,id_present,Altium Designer,Intermediate,Educational Engineering Team tutorial: 10 Import Design Changes and Create PCB Outline in Altium,0,,Numbered tutorial (part 10),Source: MD channel Altium search dump via parse_report; list#67; batch 51–100; channel=Educational Engineering Team,url_recovered
cat-068,interactive-routing-modes-altium-designer,Interactive routing modes- Altium Designer,https://www.youtube.com/watch?v=wqASOSmKOUU,wqASOSmKOUU,id_present,Altium Designer,Intermediate,Educational Engineering Team tutorial: Interactive routing modes- Altium Designer,0,,,Source: MD channel Altium search dump via parse_report; list#68; batch 51–100; channel=Educational Engineering Team,url_recovered
cat-069,setting-up-the-comparator-altium-designer,Setting up the comparator-Altium Designer,https://www.youtube.com/watch?v=1dP8Jy6Sbxc,1dP8Jy6Sbxc,id_present,Altium Designer,Intermediate,Educational Engineering Team tutorial: Setting up the comparator-Altium Designer,0,,,Source: MD channel Altium search dump via parse_report; list#69; batch 51–100; channel=Educational Engineering Team,url_recovered
cat-070,positioning-the-components-on-the-pcb-altium-designer,Positioning the components on the PCB- Altium Designer,https://www.youtube.com/watch?v=a89G-kmydrg,a89G-kmydrg,id_present,Altium Designer,Intermediate,Educational Engineering Team tutorial: Positioning the components on the PCB- Altium Designer,0,,,Source: MD channel Altium search dump via parse_report; list#70; batch 51–100; channel=Educational Engineering Team,url_recovered
cat-071,wiring-up-the-circuit-altium-designer,Wiring up the circuit-Altium Designer,https://www.youtube.com/watch?v=6O86FlYKhU0,6O86FlYKhU0,id_present,Altium Designer,Intermediate,Educational Engineering Team tutorial: Wiring up the circuit-Altium Designer,0,,,Source: MD channel Altium search dump via parse_report; list#71; batch 51–100; channel=Educational Engineering Team,url_recovered
cat-072,how-to-make-a-pcb-in-altium-designer-the-basics,How To Make A Pcb In Altium Designer: The Basics,https://www.youtube.com/watch?v=PDd1N72Et-s,PDd1N72Et-s,id_present,Altium Designer,Beginner,Educational Engineering Team tutorial: How To Make A Pcb In Altium Designer: The Basics,0,,,Source: MD channel Altium search dump via parse_report; list#72; batch 51–100; channel=Educational Engineering Team,url_recovered
cat-073,14-advanced-search-features-for-pcb-design-in-altium-designer,14 Advanced Search Features for PCB Design in Altium Designer,https://www.youtube.com/watch?v=QSIuvoAPV74,QSIuvoAPV74,id_present,Altium Designer,Advanced,Educational Engineering Team tutorial: 14 Advanced Search Features for PCB Design in Altium Designer,0,,Numbered tutorial (part 14),Source: MD channel Altium search dump via parse_report; list#73; batch 51–100; channel=Educational Engineering Team,url_recovered
cat-074,05-professional-schematic-wiring-and-design-rules-in-altium-develop,05| Professional Schematic Wiring and Design Rules in Altium Develop,https://www.youtube.com/watch?v=SVGqGIxXhkY,SVGqGIxXhkY,id_present,Altium Develop,Intermediate,Educational Engineering Team tutorial: 05| Professional Schematic Wiring and Design Rules in Altium Develop,0,,Altium Develop series (episode 05),Source: MD channel Altium search dump via parse_report; list#74; batch 51–100; channel=Educational Engineering Team,url_recovered
cat-075,make-3d-viewer-for-pcb-smoother-with-antialiasing-feature-altium-designer,Make 3D Viewer for PCB Smoother with Antialiasing Feature - Altium Designer,https://www.youtube.com/watch?v=XxjD7yUgMls,XxjD7yUgMls,id_present,Altium Designer,Intermediate,Educational Engineering Team tutorial: Make 3D Viewer for PCB Smoother with Antialiasing Feature - Altium Designer,0,,,Source: MD channel Altium search dump via parse_report; list#75; batch 51–100; channel=Educational Engineering Team,url_recovered
cat-076,the-active-bar-altium-designer,The Active Bar-Altium Designer,https://www.youtube.com/watch?v=FoLWrV0-rHI,FoLWrV0-rHI,id_present,Altium Designer,Intermediate,Educational Engineering Team tutorial: The Active Bar-Altium Designer,0,,,Source: MD channel Altium search dump via parse_report; list#76; batch 51–100; channel=Educational Engineering Team,url_recovered
cat-077,checking-the-electrical-properties-of-your-schematic-altium-designer,Checking the electrical properties of your schematic-Altium Designer,https://www.youtube.com/watch?v=eqH_BVjUk7k,eqH_BVjUk7k,id_present,Altium Designer,Intermediate,Educational Engineering Team tutorial: Checking the electrical properties of your schematic-Altium Designer,0,,,Source: MD channel Altium search dump via parse_report; list#77; batch 51–100; channel=Educational Engineering Team,url_recovered
cat-078,routing-with-design-rules-altium-designer,Routing with design rules-Altium Designer,https://www.youtube.com/watch?v=7tkO_iuQPYg,7tkO_iuQPYg,id_present,Altium Designer,Intermediate,Educational Engineering Team tutorial: Routing with design rules-Altium Designer,0,,,Source: MD channel Altium search dump via parse_report; list#78; batch 51–100; channel=Educational Engineering Team,url_recovered
cat-079,creating-library-and-schematic-using-altium-designer,Creating Library and Schematic using Altium Designer,https://www.youtube.com/watch?v=qWG9KqZ0gvg,qWG9KqZ0gvg,id_present,Altium Designer,Intermediate,Educational Engineering Team tutorial: Creating Library and Schematic using Altium Designer,0,,,Source: MD channel Altium search dump via parse_report; list#79; batch 51–100; channel=Educational Engineering Team,url_recovered
cat-080,kitchen-timer-using-altium-designer,Kitchen Timer using Altium Designer,https://www.youtube.com/watch?v=__pEd4El2Gw,__pEd4El2Gw,id_present,Altium Designer,Intermediate,Educational Engineering Team tutorial: Kitchen Timer using Altium Designer,0,,,Source: MD channel Altium search dump via parse_report; list#80; batch 51–100; channel=Educational Engineering Team,url_recovered
cat-081,creating-a-schematic-in-altium,Creating a schematic in Altium,https://www.youtube.com/watch?v=ITqeO_9Emsk,ITqeO_9Emsk,id_present,Altium Designer,Intermediate,Educational Engineering Team tutorial: Creating a schematic in Altium,0,,,Source: MD channel Altium search dump via parse_report; list#81; batch 51–100; channel=Educational Engineering Team,url_recovered
cat-082,preparing-for-interactive-routing-altium-designer,Preparing for interactive routing- Altium Designer,https://www.youtube.com/watch?v=JdJ_VSf3WXY,JdJ_VSf3WXY,id_present,Altium Designer,Intermediate,Educational Engineering Team tutorial: Preparing for interactive routing- Altium Designer,0,,,Source: MD channel Altium search dump via parse_report; list#82; batch 51–100; channel=Educational Engineering Team,url_recovered
cat-083,editing-in-the-properties-panel-altium-designer,Editing in the properties panel-Altium Designer,https://www.youtube.com/watch?v=Jy5e71OLgJw,Jy5e71OLgJw,id_present,Altium Designer,Intermediate,Educational Engineering Team tutorial: Editing in the properties panel-Altium Designer,0,,,Source: MD channel Altium search dump via parse_report; list#83; batch 51–100; channel=Educational Engineering Team,url_recovered
cat-084,04-design-rules-and-drc-the-simple-way-in-altium-develop,04 | Design Rules and DRC the Simple Way in Altium Develop,https://www.youtube.com/watch?v=_LOIj4NnUjg,_LOIj4NnUjg,id_present,Altium Develop,Intermediate,Educational Engineering Team tutorial: 04 | Design Rules and DRC the Simple Way in Altium Develop,0,,Altium Develop series (episode 04),Source: MD channel Altium search dump via parse_report; list#84; batch 51–100; channel=Educational Engineering Team,url_recovered
cat-085,configuring-the-defaults-altium-designer,Configuring the defaults-Altium Designer,https://www.youtube.com/watch?v=OJgPUc6f8NQ,OJgPUc6f8NQ,id_present,Altium Designer,Intermediate,Educational Engineering Team tutorial: Configuring the defaults-Altium Designer,0,,,Source: MD channel Altium search dump via parse_report; list#85; batch 51–100; channel=Educational Engineering Team,url_recovered
cat-086,bonus-lecture-manufacture-a-professional-pcb-by-pcbway-altium-designer,Bonus Lecture Manufacture a Professional PCB By PCBWay Altium Designer,https://www.youtube.com/watch?v=lPySXBru2DQ,lPySXBru2DQ,id_present,Altium Designer,Intermediate,Educational Engineering Team tutorial: Bonus Lecture Manufacture a Professional PCB By PCBWay Altium Designer,0,,,Source: MD channel Altium search dump via parse_report; list#86; batch 51–100; channel=Educational Engineering Team,url_recovered
cat-087,design-digital-counter-using-altium-designer,Design Digital Counter using Altium designer,https://www.youtube.com/watch?v=v3IBP80ql6I,v3IBP80ql6I,id_present,Altium Designer,Intermediate,Educational Engineering Team tutorial: Design Digital Counter using Altium designer,0,,,Source: MD channel Altium search dump via parse_report; list#87; batch 51–100; channel=Educational Engineering Team,url_recovered
cat-088,interactive-sliding-tips-altium-designer,Interactive sliding tips- Altium Designer,https://www.youtube.com/watch?v=--G7iwg3y5s,--G7iwg3y5s,id_present,Altium Designer,Intermediate,Educational Engineering Team tutorial: Interactive sliding tips- Altium Designer,0,,,Source: MD channel Altium search dump via parse_report; list#88; batch 51–100; channel=Educational Engineering Team,url_recovered
cat-089,interactively-routing-the-board-altium-designer,Interactively routing the board-Altium Designer,https://www.youtube.com/watch?v=T3LtvEppM2o,T3LtvEppM2o,id_present,Altium Designer,Intermediate,Educational Engineering Team tutorial: Interactively routing the board-Altium Designer,0,,,Source: MD channel Altium search dump via parse_report; list#89; batch 51–100; channel=Educational Engineering Team,url_recovered
cat-090,ai-assisted-requirements-to-verified-hardware-in-altium-develop,AI-Assisted Requirements to Verified Hardware in Altium Develop,https://www.youtube.com/watch?v=Noxk9jw-3rs,Noxk9jw-3rs,id_present,Altium Develop,Intermediate,Educational Engineering Team tutorial: AI-Assisted Requirements to Verified Hardware in Altium Develop,0,,,Source: MD channel Altium search dump via parse_report; list#90; batch 51–100; channel=Educational Engineering Team,url_recovered
cat-091,time-to-route-altium-designer,Time to route- Altium Designer,https://www.youtube.com/watch?v=l8kFOMm9UAA,l8kFOMm9UAA,id_present,Altium Designer,Intermediate,Educational Engineering Team tutorial: Time to route- Altium Designer,0,,,Source: MD channel Altium search dump via parse_report; list#91; batch 51–100; channel=Educational Engineering Team,url_recovered
cat-092,01-complete-hardware-team-workspace-in-altium-develop,01| Complete Hardware Team Workspace in Altium Develop,https://www.youtube.com/watch?v=4Zc_TVlqyWc,4Zc_TVlqyWc,id_present,Altium Develop,Intermediate,Educational Engineering Team tutorial: 01| Complete Hardware Team Workspace in Altium Develop,0,,Altium Develop series (episode 01),Source: MD channel Altium search dump via parse_report; list#92; batch 51–100; channel=Educational Engineering Team,url_recovered
cat-093,available-output-types-altium-designer,Available output types-Altium Designer,https://www.youtube.com/watch?v=t73vvLnVS-Y,t73vvLnVS-Y,id_present,Altium Designer,Intermediate,Educational Engineering Team tutorial: Available output types-Altium Designer,0,,,Source: MD channel Altium search dump via parse_report; list#93; batch 51–100; channel=Educational Engineering Team,url_recovered
cat-094,output-documentation-and-project-release-altium-designer,Output documentation and project release- Altium Designer,https://www.youtube.com/watch?v=J4DwdZ4XlCI,J4DwdZ4XlCI,id_present,Altium Designer,Intermediate,Educational Engineering Team tutorial: Output documentation and project release- Altium Designer,0,,,Source: MD channel Altium search dump via parse_report; list#94; batch 51–100; channel=Educational Engineering Team,url_recovered
cat-095,configuring-the-class-generation-altium-designer,Configuring the class generation-Altium Designer,https://www.youtube.com/watch?v=84K1fnCU7fg,84K1fnCU7fg,id_present,Altium Designer,Intermediate,Educational Engineering Team tutorial: Configuring the class generation-Altium Designer,0,,,Source: MD channel Altium search dump via parse_report; list#95; batch 51–100; channel=Educational Engineering Team,url_recovered
cat-096,audit-ready-trace-every-hardware-change-in-altium-develop,Audit-Ready: Trace Every Hardware Change in Altium Develop,https://www.youtube.com/watch?v=Xm-WgUOWOlE,Xm-WgUOWOlE,id_present,Altium Develop,Intermediate,Educational Engineering Team tutorial: Audit-Ready: Trace Every Hardware Change in Altium Develop,0,,,Source: MD channel Altium search dump via parse_report; list#96; batch 51–100; channel=Educational Engineering Team,url_recovered
cat-097,three-engineering-roles-one-workspace-in-altium-develop,"Three Engineering Roles, One Workspace in Altium Develop",https://www.youtube.com/watch?v=JDBGNQylBg0,JDBGNQylBg0,id_present,Altium Develop,Intermediate,"Educational Engineering Team tutorial: Three Engineering Roles, One Workspace in Altium Develop",0,,,Source: MD channel Altium search dump via parse_report; list#97; batch 51–100; channel=Educational Engineering Team,url_recovered
cat-098,one-day-in-a-hardware-team-workspace-in-altium-develop,One Day in a Hardware Team Workspace in Altium Develop,https://www.youtube.com/watch?v=3B-cI9xEx9Q,3B-cI9xEx9Q,id_present,Altium Develop,Intermediate,Educational Engineering Team tutorial: One Day in a Hardware Team Workspace in Altium Develop,0,,,Source: MD channel Altium search dump via parse_report; list#98; batch 51–100; channel=Educational Engineering Team,url_recovered
cat-099,positioning-components-altium-designer,Positioning Components-Altium designer,https://www.youtube.com/watch?v=_-FySG0_BPA,_-FySG0_BPA,id_present,Altium Designer,Intermediate,Educational Engineering Team tutorial: Positioning Components-Altium designer,0,,,Source: MD channel Altium search dump via parse_report; list#99; batch 51–100; channel=Educational Engineering Team,url_recovered
cat-100,electret-microphone-amplifier-using-altium-designer,Electret Microphone Amplifier using Altium Designer,https://www.youtube.com/watch?v=VqHovI5MOvg,VqHovI5MOvg,id_present,Altium Designer,Intermediate,Educational Engineering Team tutorial: Electret Microphone Amplifier using Altium Designer,0,,,Source: MD channel Altium search dump via parse_report; list#100; batch 51–100; channel=Educational Engineering Team,url_recovered
cat-101,1-getting-started-with-altium-develop-download-setup-navigation,"1 Getting Started with Altium Develop Download, Setup & Navigation",https://www.youtube.com/watch?v=jv-m0xkAFck,jv-m0xkAFck,id_present,Altium Develop,Beginner,"Educational Engineering Team tutorial: 1 Getting Started with Altium Develop Download, Setup & Navigation",0,,,Source: MD channel Altium search dump via parse_report; list#101; batch 101–150; channel=Educational Engineering Team,url_recovered
cat-102,altium-develop-from-files-to-peer-powered-network,Altium Develop From Files to Peer-Powered Network,https://www.youtube.com/watch?v=Ai28NEt26o4,Ai28NEt26o4,id_present,Altium Develop,Intermediate,Educational Engineering Team tutorial: Altium Develop From Files to Peer-Powered Network,0,,,Source: MD channel Altium search dump via parse_report; list#102; batch 101–150; channel=Educational Engineering Team,url_recovered
cat-103,greber-file-and-bill-of-material-altium-designer,Greber File and Bill of Material Altium Designer,https://www.youtube.com/watch?v=j9QyMCQXxWo,j9QyMCQXxWo,id_present,Altium Designer,Intermediate,Educational Engineering Team tutorial: Greber File and Bill of Material Altium Designer,0,,,Source: MD channel Altium search dump via parse_report; list#103; batch 101–150; channel=Educational Engineering Team,url_recovered
cat-104,short-duration-timer-circuit-using-altium-desinger,Short Duration Timer Circuit using Altium Desinger,https://www.youtube.com/watch?v=96EuE9kODmE,96EuE9kODmE,id_present,Altium Designer,Intermediate,Educational Engineering Team tutorial: Short Duration Timer Circuit using Altium Desinger,0,,,Source: MD channel Altium search dump via parse_report; list#104; batch 101–150; channel=Educational Engineering Team,url_recovered
cat-105,seven-segment-counter-using-atium-designer,Seven Segment Counter using Atium Designer,https://www.youtube.com/watch?v=RnR8mL64VIY,RnR8mL64VIY,id_present,Altium Designer,Intermediate,Educational Engineering Team tutorial: Seven Segment Counter using Atium Designer,0,,,Source: MD channel Altium search dump via parse_report; list#105; batch 101–150; channel=Educational Engineering Team,url_recovered
cat-106,light-sensor-triggers-led-using-altium-designer,Light Sensor Triggers LED using Altium Designer,https://www.youtube.com/watch?v=PZ4BYCB_Hw0,PZ4BYCB_Hw0,id_present,Altium Designer,Intermediate,Educational Engineering Team tutorial: Light Sensor Triggers LED using Altium Designer,0,,,Source: MD channel Altium search dump via parse_report; list#106; batch 101–150; channel=Educational Engineering Team,url_recovered
cat-107,the-active-bar-in-altium-designer,The Active Bar in Altium Designer,https://www.youtube.com/watch?v=EQxvq05dXhM,EQxvq05dXhM,id_present,Altium Designer,Intermediate,Educational Engineering Team tutorial: The Active Bar in Altium Designer,0,,,Source: MD channel Altium search dump via parse_report; list#107; batch 101–150; channel=Educational Engineering Team,url_recovered
cat-108,making-footprint-and-pcb-layout-altium-designer-2,Making Footprint and PCB Layout Altium Designer,https://www.youtube.com/watch?v=hX0zzcUBTm8,hX0zzcUBTm8,id_present,Altium Designer,Intermediate,Educational Engineering Team tutorial: Making Footprint and PCB Layout Altium Designer,0,,,Source: MD channel Altium search dump via parse_report; list#108; batch 101–150; channel=Educational Engineering Team,url_recovered
cat-109,touch-activated-call-bell-using-altium-designer,Touch Activated Call Bell using Altium Designer,https://www.youtube.com/watch?v=iU2RJaREd_E,iU2RJaREd_E,id_present,Altium Designer,Intermediate,Educational Engineering Team tutorial: Touch Activated Call Bell using Altium Designer,0,,,Source: MD channel Altium search dump via parse_report; list#109; batch 101–150; channel=Educational Engineering Team,url_recovered
cat-110,placing-pcb-items-atmega-and-headers-altium-designer,Placing PCB Items Atmega and Headers Altium Designer,https://www.youtube.com/watch?v=ffZUUR813KE,ffZUUR813KE,id_present,Altium Designer,Intermediate,Educational Engineering Team tutorial: Placing PCB Items Atmega and Headers Altium Designer,0,,,Source: MD channel Altium search dump via parse_report; list#110; batch 101–150; channel=Educational Engineering Team,url_recovered
cat-111,review-the-design-rules-altium-designer,Review the design rules-Altium Designer,https://www.youtube.com/watch?v=fJYmtfmLImg,fJYmtfmLImg,id_present,Altium Designer,Intermediate,Educational Engineering Team tutorial: Review the design rules-Altium Designer,0,,,Source: MD channel Altium search dump via parse_report; list#111; batch 101–150; channel=Educational Engineering Team,url_recovered
cat-112,touch-sensor-using-altium-designer,Touch Sensor using Altium Designer,https://www.youtube.com/watch?v=Mfyjzh9cW70,Mfyjzh9cW70,id_present,Altium Designer,Intermediate,Educational Engineering Team tutorial: Touch Sensor using Altium Designer,0,,,Source: MD channel Altium search dump via parse_report; list#112; batch 101–150; channel=Educational Engineering Team,url_recovered
cat-113,11-altium-schematic-component-placement-tools-and-techniques,11 Altium Schematic Component Placement Tools and Techniques,https://www.youtube.com/watch?v=UupvG-qL73k,UupvG-qL73k,id_present,Altium Designer,Intermediate,Educational Engineering Team tutorial: 11 Altium Schematic Component Placement Tools and Techniques,0,,Numbered tutorial (part 11),Source: MD channel Altium search dump via parse_report; list#113; batch 101–150; channel=Educational Engineering Team,url_recovered
cat-114,12-coaching-teams-and-scaling-best-practices-with-altium-develop,12 | Coaching Teams and Scaling Best Practices with Altium Develop,https://www.youtube.com/watch?v=PQPA30fd1NY,PQPA30fd1NY,id_present,Altium Develop,Intermediate,Educational Engineering Team tutorial: 12 | Coaching Teams and Scaling Best Practices with Altium Develop,0,,Altium Develop series (episode 12),Source: MD channel Altium search dump via parse_report; list#114; batch 101–150; channel=Educational Engineering Team,url_recovered
cat-115,setting-up-the-design-rules-altium-designer,Setting up the design rules-Altium Designer,https://www.youtube.com/watch?v=YWTfOETM1n4,YWTfOETM1n4,id_present,Altium Designer,Intermediate,Educational Engineering Team tutorial: Setting up the design rules-Altium Designer,0,,,Source: MD channel Altium search dump via parse_report; list#115; batch 101–150; channel=Educational Engineering Team,url_recovered
cat-116,document-commenting-altium-designer,Document Commenting-Altium Designer,https://www.youtube.com/watch?v=9CsVwMidL7M,9CsVwMidL7M,id_present,Altium Designer,Intermediate,Educational Engineering Team tutorial: Document Commenting-Altium Designer,0,,,Source: MD channel Altium search dump via parse_report; list#116; batch 101–150; channel=Educational Engineering Team,url_recovered
cat-117,05-comments-reviews-and-design-intent-in-altium-develop,"05 | Comments, Reviews, and Design Intent in Altium Develop",https://www.youtube.com/watch?v=DvvKglYegsM,DvvKglYegsM,id_present,Altium Develop,Intermediate,"Educational Engineering Team tutorial: 05 | Comments, Reviews, and Design Intent in Altium Develop",0,,Altium Develop series (episode 05),Source: MD channel Altium search dump via parse_report; list#117; batch 101–150; channel=Educational Engineering Team,url_recovered
cat-118,verifying-your-board-design-part-2-altium-designer,Verifying your board design part 2- Altium Designer,https://www.youtube.com/watch?v=snwz1JqZPx0,snwz1JqZPx0,id_present,Altium Designer,Intermediate,Educational Engineering Team tutorial: Verifying your board design part 2- Altium Designer,0,,,Source: MD channel Altium search dump via parse_report; list#118; batch 101–150; channel=Educational Engineering Team,url_recovered
cat-119,02-your-first-team-workspace-in-altium-develop,02 | Your First Team Workspace in Altium Develop,https://www.youtube.com/watch?v=TnnJpUn2A_4,TnnJpUn2A_4,id_present,Altium Develop,Intermediate,Educational Engineering Team tutorial: 02 | Your First Team Workspace in Altium Develop,0,,Altium Develop series (episode 02),Source: MD channel Altium search dump via parse_report; list#119; batch 101–150; channel=Educational Engineering Team,url_recovered
cat-120,11-working-with-partners-and-post-silicon-iteration-in-altium-develop,11 | Working with Partners and Post Silicon Iteration in Altium Develop,https://www.youtube.com/watch?v=7jQW5RRFpsQ,7jQW5RRFpsQ,id_present,Altium Develop,Intermediate,Educational Engineering Team tutorial: 11 | Working with Partners and Post Silicon Iteration in Altium Develop,0,,Altium Develop series (episode 11),Source: MD channel Altium search dump via parse_report; list#120; batch 101–150; channel=Educational Engineering Team,url_recovered
cat-121,acceleration-sensing-alarm-using-adxl337-using-altium-designer,Acceleration Sensing Alarm Using ADXL337 using Altium Designer,https://www.youtube.com/watch?v=ghBvjUS1MSE,ghBvjUS1MSE,id_present,Altium Designer,Intermediate,Educational Engineering Team tutorial: Acceleration Sensing Alarm Using ADXL337 using Altium Designer,0,,,Source: MD channel Altium search dump via parse_report; list#121; batch 101–150; channel=Educational Engineering Team,url_recovered
cat-122,how-to-configure-the-board-shape-and-location-of-your-altium-designer-circuit,How to configure the board shape and location of your Altium Designer circuit,https://www.youtube.com/watch?v=lmU8ZOnUrsY,lmU8ZOnUrsY,id_present,Altium Designer,Intermediate,Educational Engineering Team tutorial: How to configure the board shape and location of your Altium Designer circuit,0,,,Source: MD channel Altium search dump via parse_report; list#122; batch 101–150; channel=Educational Engineering Team,url_recovered
cat-123,introduction-to-altium-develop,Introduction to Altium Develop,https://www.youtube.com/watch?v=DtT8gCZanM4,DtT8gCZanM4,id_present,Altium Develop,Beginner,Educational Engineering Team tutorial: Introduction to Altium Develop,0,,,Source: MD channel Altium search dump via parse_report; list#123; batch 101–150; channel=Educational Engineering Team,url_recovered
cat-124,existing-design-rule-violations-altium-designer,Existing design rule violations-Altium Designer,https://www.youtube.com/watch?v=1XOIHuwJjts,1XOIHuwJjts,id_present,Altium Designer,Intermediate,Educational Engineering Team tutorial: Existing design rule violations-Altium Designer,0,,,Source: MD channel Altium search dump via parse_report; list#124; batch 101–150; channel=Educational Engineering Team,url_recovered
cat-125,10-bom-supply-chain-and-fast-supplier-feedback-in-altium-develop,"10 | BOM, Supply Chain, and Fast Supplier Feedback in Altium Develop",https://www.youtube.com/watch?v=89igYeQXZ_o,89igYeQXZ_o,id_present,Altium Develop,Intermediate,"Educational Engineering Team tutorial: 10 | BOM, Supply Chain, and Fast Supplier Feedback in Altium Develop",0,,Altium Develop series (episode 10),Source: MD channel Altium search dump via parse_report; list#125; batch 101–150; channel=Educational Engineering Team,url_recovered
cat-126,rain-sensor-using-altium-design,Rain Sensor using Altium Design,https://www.youtube.com/watch?v=klf1s7NCfNs,klf1s7NCfNs,id_present,Altium Designer,Intermediate,Educational Engineering Team tutorial: Rain Sensor using Altium Design,0,,,Source: MD channel Altium search dump via parse_report; list#126; batch 101–150; channel=Educational Engineering Team,url_recovered
cat-127,post-silicon-iteration-without-chaos-in-altium-develop,Post-Silicon Iteration Without Chaos in Altium Develop,https://www.youtube.com/watch?v=Vr_4rjEGPDs,Vr_4rjEGPDs,id_present,Altium Develop,Intermediate,Educational Engineering Team tutorial: Post-Silicon Iteration Without Chaos in Altium Develop,0,,,Source: MD channel Altium search dump via parse_report; list#127; batch 101–150; channel=Educational Engineering Team,url_recovered
cat-128,10-coaching-new-hires-faster-with-altium-develop,10 Coaching new hires Faster with Altium Develop,https://www.youtube.com/watch?v=zOYEvtchKjA,zOYEvtchKjA,id_present,Altium Develop,Intermediate,Educational Engineering Team tutorial: 10 Coaching new hires Faster with Altium Develop,0,,Numbered tutorial (part 10),Source: MD channel Altium search dump via parse_report; list#128; batch 101–150; channel=Educational Engineering Team,url_recovered
cat-129,how-to-make-the-autorouting-work-for-you-altium-designer,How to make the autorouting work for you Altium Designer,https://www.youtube.com/watch?v=ATmmP0H-Yxo,ATmmP0H-Yxo,id_present,Altium Designer,Intermediate,Educational Engineering Team tutorial: How to make the autorouting work for you Altium Designer,0,,,Source: MD channel Altium search dump via parse_report; list#129; batch 101–150; channel=Educational Engineering Team,url_recovered
cat-130,managing-pcb-project-workflows-altium-develop,Managing PCB Project Workflows - Altium Develop,https://www.youtube.com/watch?v=CnoEwyo-Zlw,CnoEwyo-Zlw,id_present,Altium Develop,Intermediate,Educational Engineering Team tutorial: Managing PCB Project Workflows - Altium Develop,0,,,Source: MD channel Altium search dump via parse_report; list#130; batch 101–150; channel=Educational Engineering Team,url_recovered
cat-131,altium-helping-you-search-for-what-you-need,Altium: Helping you search for what you need,https://www.youtube.com/watch?v=JWjJs0oNZ0Y,JWjJs0oNZ0Y,id_present,Altium Designer,Intermediate,Educational Engineering Team tutorial: Altium: Helping you search for what you need,0,,,Source: MD channel Altium search dump via parse_report; list#131; batch 101–150; channel=Educational Engineering Team,url_recovered
cat-132,ds1307-rtc-module-using-altium-designer,DS1307 RTC Module using Altium Designer,https://www.youtube.com/watch?v=uH9-8Urynig,uH9-8Urynig,id_present,Altium Designer,Intermediate,Educational Engineering Team tutorial: DS1307 RTC Module using Altium Designer,0,,,Source: MD channel Altium search dump via parse_report; list#132; batch 101–150; channel=Educational Engineering Team,url_recovered
cat-133,buck-converter-pcb-layout-altium-designer-tutorial,Buck Converter PCB Layout - Altium Designer Tutorial,https://www.youtube.com/watch?v=gm0wOh5HaLg,gm0wOh5HaLg,id_present,Altium Designer,Intermediate,Educational Engineering Team tutorial: Buck Converter PCB Layout - Altium Designer Tutorial,0,,,Source: MD channel Altium search dump via parse_report; list#133; batch 101–150; channel=Educational Engineering Team,url_recovered
cat-134,configuring-the-rule-checker-altium-designer,Configuring the rule checker-Altium Designer,https://www.youtube.com/watch?v=rHVjnOrmeiE,rHVjnOrmeiE,id_present,Altium Designer,Intermediate,Educational Engineering Team tutorial: Configuring the rule checker-Altium Designer,0,,,Source: MD channel Altium search dump via parse_report; list#134; batch 101–150; channel=Educational Engineering Team,url_recovered
cat-135,how-to-place-capacitors-in-altium-designer,How To Place Capacitors In Altium Designer,https://www.youtube.com/watch?v=7hCfGYnZQtE,7hCfGYnZQtE,id_present,Altium Designer,Intermediate,Educational Engineering Team tutorial: How To Place Capacitors In Altium Designer,0,,,Source: MD channel Altium search dump via parse_report; list#135; batch 101–150; channel=Educational Engineering Team,url_recovered
cat-136,finishing-the-schematic-altium-designer,Finishing the Schematic Altium Designer,https://www.youtube.com/watch?v=gFuuSwi5FvU,gFuuSwi5FvU,id_present,Altium Designer,Intermediate,Educational Engineering Team tutorial: Finishing the Schematic Altium Designer,0,,,Source: MD channel Altium search dump via parse_report; list#136; batch 101–150; channel=Educational Engineering Team,url_recovered
cat-137,link-footprint-with-schematic-library-altium-designer,Link footprint with Schematic Library - Altium Designer,https://www.youtube.com/watch?v=v9XaMTWUpMQ,v9XaMTWUpMQ,id_present,Altium Designer,Intermediate,Educational Engineering Team tutorial: Link footprint with Schematic Library - Altium Designer,0,,,Source: MD channel Altium search dump via parse_report; list#137; batch 101–150; channel=Educational Engineering Team,url_recovered
cat-138,locating-the-error-condition-altium-designer,Locating the error condition-Altium Designer,https://www.youtube.com/watch?v=216OqKOycug,216OqKOycug,id_present,Altium Designer,Intermediate,Educational Engineering Team tutorial: Locating the error condition-Altium Designer,0,,,Source: MD channel Altium search dump via parse_report; list#138; batch 101–150; channel=Educational Engineering Team,url_recovered
cat-139,finishing-the-schematic-altium-designer-step-by-step-tutorial,Finishing the Schematic | Altium Designer Step-by-Step Tutorial,https://www.youtube.com/watch?v=6uaZxWA-DA8,6uaZxWA-DA8,id_present,Altium Designer,Intermediate,Educational Engineering Team tutorial: Finishing the Schematic | Altium Designer Step-by-Step Tutorial,0,,,Source: MD channel Altium search dump via parse_report; list#139; batch 101–150; channel=Educational Engineering Team,url_recovered
cat-140,showcasing-mechanical-collaboration-altium-develop,Showcasing Mechanical Collaboration - Altium Develop,https://www.youtube.com/watch?v=_s8vzgWQ_IA,_s8vzgWQ_IA,id_present,Altium Develop,Intermediate,Educational Engineering Team tutorial: Showcasing Mechanical Collaboration - Altium Develop,0,,,Source: MD channel Altium search dump via parse_report; list#140; batch 101–150; channel=Educational Engineering Team,url_recovered
cat-141,2-altium-develop-tutorial-create-esp32-symbol-step-by-step,2 Altium Develop Tutorial: Create ESP32 Symbol Step by Step,https://www.youtube.com/watch?v=GybRq75o7g8,GybRq75o7g8,id_present,Altium Develop,Intermediate,Educational Engineering Team tutorial: 2 Altium Develop Tutorial: Create ESP32 Symbol Step by Step,0,,,Source: MD channel Altium search dump via parse_report; list#141; batch 101–150; channel=Educational Engineering Team,url_recovered
cat-142,altium-how-to-use-the-supplier-tile,Altium: How To Use The Supplier Tile,https://www.youtube.com/watch?v=Q6xt8yynsQA,Q6xt8yynsQA,id_present,Altium Designer,Intermediate,Educational Engineering Team tutorial: Altium: How To Use The Supplier Tile,0,,,Source: MD channel Altium search dump via parse_report; list#142; batch 101–150; channel=Educational Engineering Team,url_recovered
cat-143,working-with-external-partners-in-altium-develop,Working with External Partners in Altium Develop,https://www.youtube.com/watch?v=Aib1e5VcVGE,Aib1e5VcVGE,id_present,Altium Develop,Intermediate,Educational Engineering Team tutorial: Working with External Partners in Altium Develop,0,,,Source: MD channel Altium search dump via parse_report; list#143; batch 101–150; channel=Educational Engineering Team,url_recovered
cat-144,easy-steps-for-wiring-up-your-altium-circuit,Easy Steps for Wiring up Your Altium Circuit,https://www.youtube.com/watch?v=0tk-SBVyzDE,0tk-SBVyzDE,id_present,Altium Designer,Intermediate,Educational Engineering Team tutorial: Easy Steps for Wiring up Your Altium Circuit,0,,,Source: MD channel Altium search dump via parse_report; list#144; batch 101–150; channel=Educational Engineering Team,url_recovered
cat-145,resolving-the-violations-altium-designer,Resolving the violations-Altium Designer,https://www.youtube.com/watch?v=Ef6sot9Wnas,Ef6sot9Wnas,id_present,Altium Designer,Intermediate,Educational Engineering Team tutorial: Resolving the violations-Altium Designer,0,,,Source: MD channel Altium search dump via parse_report; list#145; batch 101–150; channel=Educational Engineering Team,url_recovered
cat-146,altium-designers-editing-in-the-properties-panel,Altium Designers' Editing in the Properties Panel,https://www.youtube.com/watch?v=_LINs1Ulhxg,_LINs1Ulhxg,id_present,Altium Designer,Intermediate,Educational Engineering Team tutorial: Altium Designers' Editing in the Properties Panel,0,,,Source: MD channel Altium search dump via parse_report; list#146; batch 101–150; channel=Educational Engineering Team,url_recovered
cat-147,setting-nodes-with-altium,Setting Nodes with Altium,https://www.youtube.com/watch?v=bUerZwJnh_E,bUerZwJnh_E,id_present,Altium Designer,Intermediate,Educational Engineering Team tutorial: Setting Nodes with Altium,0,,,Source: MD channel Altium search dump via parse_report; list#147; batch 101–150; channel=Educational Engineering Team,url_recovered
cat-148,setting-the-origin-and-the-grid-altium-designer,Setting the origin and the grid-Altium Designer,https://www.youtube.com/watch?v=uKkJXgQ0vUE,uKkJXgQ0vUE,id_present,Altium Designer,Intermediate,Educational Engineering Team tutorial: Setting the origin and the grid-Altium Designer,0,,,Source: MD channel Altium search dump via parse_report; list#148; batch 101–150; channel=Educational Engineering Team,url_recovered
cat-149,editing-the-board-shape-part-ii-altium-designer,Editing the board shape part II- Altium Designer,https://www.youtube.com/watch?v=qF3ZGI8JshA,qF3ZGI8JshA,id_present,Altium Designer,Intermediate,Educational Engineering Team tutorial: Editing the board shape part II- Altium Designer,0,,,Source: MD channel Altium search dump via parse_report; list#149; batch 101–150; channel=Educational Engineering Team,url_recovered
cat-150,turning-past-projects-into-a-living-training-ground-with-altium-develop,Turning Past Projects into a Living Training Ground with Altium Develop,https://www.youtube.com/watch?v=YlZOezmm6bc,YlZOezmm6bc,id_present,Altium Develop,Intermediate,Educational Engineering Team tutorial: Turning Past Projects into a Living Training Ground with Altium Develop,0,,,Source: MD channel Altium search dump via parse_report; list#150; batch 101–150; channel=Educational Engineering Team,url_recovered
cat-151,creating-a-material-bill-of-materials-in-altium,Creating a material bill of materials in Altium,https://www.youtube.com/watch?v=qOWkKIHchXY,qOWkKIHchXY,id_present,Altium Designer,Intermediate,Educational Engineering Team tutorial: Creating a material bill of materials in Altium,0,,,Source: MD channel Altium search dump via parse_report; list#151; batch 151–200; channel=Educational Engineering Team,url_recovered
cat-152,adding-components-libraries-altium-designer,Adding Components Libraries Altium Designer,https://www.youtube.com/watch?v=j23z2n0-Jk0,j23z2n0-Jk0,id_present,Altium Designer,Intermediate,Educational Engineering Team tutorial: Adding Components Libraries Altium Designer,0,,,Source: MD channel Altium search dump via parse_report; list#152; batch 151–200; channel=Educational Engineering Team,url_recovered
cat-153,configuring-altium-s-default-settings,Configuring Altium's Default Settings,https://www.youtube.com/watch?v=U8Tkc2D-NCw,U8Tkc2D-NCw,id_present,Altium Designer,Intermediate,Educational Engineering Team tutorial: Configuring Altium's Default Settings,0,,,Source: MD channel Altium search dump via parse_report; list#153; batch 151–200; channel=Educational Engineering Team,url_recovered
cat-154,ina168-current-sensor-module-using-altium,INA168 Current Sensor Module using Altium,https://www.youtube.com/watch?v=txYEkSh0FZY,txYEkSh0FZY,id_present,Altium Designer,Intermediate,Educational Engineering Team tutorial: INA168 Current Sensor Module using Altium,0,,,Source: MD channel Altium search dump via parse_report; list#154; batch 151–200; channel=Educational Engineering Team,url_recovered
cat-155,header-pins-for-nano-board-altium-designer,Header Pins for Nano Board Altium Designer,https://www.youtube.com/watch?v=i--oDOJ3tYM,i--oDOJ3tYM,id_present,Altium Designer,Intermediate,Educational Engineering Team tutorial: Header Pins for Nano Board Altium Designer,0,,,Source: MD channel Altium search dump via parse_report; list#155; batch 151–200; channel=Educational Engineering Team,url_recovered
cat-156,xy-joystick-control-in-altium-designer,XY Joystick Control in Altium Designer,https://www.youtube.com/watch?v=6Bh_Kw7laMI,6Bh_Kw7laMI,id_present,Altium Designer,Intermediate,Educational Engineering Team tutorial: XY Joystick Control in Altium Designer,0,,,Source: MD channel Altium search dump via parse_report; list#156; batch 151–200; channel=Educational Engineering Team,url_recovered
cat-157,compliance-sustainability-threads-in-altium-develop,Compliance & Sustainability Threads in Altium Develop,https://www.youtube.com/watch?v=n3b2QEzwst8,n3b2QEzwst8,id_present,Altium Develop,Intermediate,Educational Engineering Team tutorial: Compliance & Sustainability Threads in Altium Develop,0,,,Source: MD channel Altium search dump via parse_report; list#157; batch 151–200; channel=Educational Engineering Team,url_recovered
cat-158,stop-guessing-use-threading-to-control-your-design-workflow-altium-develop,Stop Guessing: Use Threading to Control Your Design Workflow - Altium Develop,https://www.youtube.com/watch?v=pCQqi-JrX1s,pCQqi-JrX1s,id_present,Altium Develop,Intermediate,Educational Engineering Team tutorial: Stop Guessing: Use Threading to Control Your Design Workflow - Altium Develop,0,,,Source: MD channel Altium search dump via parse_report; list#158; batch 151–200; channel=Educational Engineering Team,url_recovered
cat-159,07-faster-post-silicon-fixes-with-altium-develop,07 Faster Post Silicon Fixes with Altium Develop,https://www.youtube.com/watch?v=nhCmPxAgXnU,nhCmPxAgXnU,id_present,Altium Develop,Intermediate,Educational Engineering Team tutorial: 07 Faster Post Silicon Fixes with Altium Develop,0,,Numbered tutorial (part 07),Source: MD channel Altium search dump via parse_report; list#159; batch 151–200; channel=Educational Engineering Team,url_recovered
cat-160,viewing-the-design-in-a-web-browser-altium-designer,Viewing the design in a web browser-Altium Designer,https://www.youtube.com/watch?v=dhZoV691VEw,dhZoV691VEw,id_present,Altium Designer,Intermediate,Educational Engineering Team tutorial: Viewing the design in a web browser-Altium Designer,0,,,Source: MD channel Altium search dump via parse_report; list#160; batch 151–200; channel=Educational Engineering Team,url_recovered
cat-161,02-how-to-create-a-team-workspace-in-altium-develop,02 How to Create a Team Workspace in Altium Develop,https://www.youtube.com/watch?v=t-8nE3k7xSs,t-8nE3k7xSs,id_present,Altium Develop,Intermediate,Educational Engineering Team tutorial: 02 How to Create a Team Workspace in Altium Develop,0,,Altium Develop how-to (part 02),Source: MD channel Altium search dump via parse_report; list#161; batch 151–200; channel=Educational Engineering Team,url_recovered
cat-162,07-tracking-progress-and-using-history-in-altium-develop,07 | Tracking Progress and Using History in Altium Develop,https://www.youtube.com/watch?v=3jkBNnnJoNc,3jkBNnnJoNc,id_present,Altium Develop,Intermediate,Educational Engineering Team tutorial: 07 | Tracking Progress and Using History in Altium Develop,0,,Altium Develop series (episode 07),Source: MD channel Altium search dump via parse_report; list#162; batch 151–200; channel=Educational Engineering Team,url_recovered
cat-163,04-arduino-uno-parts-management-in-altium-develop-explained,04 Arduino UNO Parts Management in Altium Develop Explained,https://www.youtube.com/watch?v=pQs1aXdbJpQ,pQs1aXdbJpQ,id_present,Altium Develop,Intermediate,Educational Engineering Team tutorial: 04 Arduino UNO Parts Management in Altium Develop Explained,0,,Numbered tutorial (part 04),Source: MD channel Altium search dump via parse_report; list#163; batch 151–200; channel=Educational Engineering Team,url_recovered
cat-164,joystick-controller-for-servo-using-altium-designer,Joystick Controller for Servo using Altium Designer,https://www.youtube.com/watch?v=y4rB76JGW6c,y4rB76JGW6c,id_present,Altium Designer,Intermediate,Educational Engineering Team tutorial: Joystick Controller for Servo using Altium Designer,0,,,Source: MD channel Altium search dump via parse_report; list#164; batch 151–200; channel=Educational Engineering Team,url_recovered
cat-165,08-building-strong-partner-ecosystems-using-altium-develop,08 Building Strong Partner Ecosystems Using Altium Develop,https://www.youtube.com/watch?v=I1zJ7-96C1Q,I1zJ7-96C1Q,id_present,Altium Develop,Intermediate,Educational Engineering Team tutorial: 08 Building Strong Partner Ecosystems Using Altium Develop,0,,Numbered tutorial (part 08),Source: MD channel Altium search dump via parse_report; list#165; batch 151–200; channel=Educational Engineering Team,url_recovered
cat-166,audio-amplifier-circuit-using-ic-lm386-using-altium-designer,Audio amplifier circuit using IC LM386 using Altium Designer,https://www.youtube.com/watch?v=vjmWAXl5rBo,vjmWAXl5rBo,id_present,Altium Designer,Intermediate,Educational Engineering Team tutorial: Audio amplifier circuit using IC LM386 using Altium Designer,0,,,Source: MD channel Altium search dump via parse_report; list#166; batch 151–200; channel=Educational Engineering Team,url_recovered
cat-167,why-multidisciplinary-teams-need-altium-develop,Why Multidisciplinary Teams Need Altium Develop,https://www.youtube.com/watch?v=COUmuOEVSXg,COUmuOEVSXg,id_present,Altium Develop,Intermediate,Educational Engineering Team tutorial: Why Multidisciplinary Teams Need Altium Develop,0,,,Source: MD channel Altium search dump via parse_report; list#167; batch 151–200; channel=Educational Engineering Team,url_recovered
cat-168,best-practices-for-managing-hardware-team-productivity-altium-develop,Best Practices for Managing Hardware Team Productivity - Altium Develop,https://www.youtube.com/watch?v=65iSOk6u8Oo,65iSOk6u8Oo,id_present,Altium Develop,Intermediate,Educational Engineering Team tutorial: Best Practices for Managing Hardware Team Productivity - Altium Develop,0,,,Source: MD channel Altium search dump via parse_report; list#168; batch 151–200; channel=Educational Engineering Team,url_recovered
cat-169,how-to-document-engineering-guidelines-in-altium-develop,How to Document Engineering Guidelines in Altium Develop,https://www.youtube.com/watch?v=3iFDgmiZ-qE,3iFDgmiZ-qE,id_present,Altium Develop,Intermediate,Educational Engineering Team tutorial: How to Document Engineering Guidelines in Altium Develop,0,,,Source: MD channel Altium search dump via parse_report; list#169; batch 151–200; channel=Educational Engineering Team,url_recovered
cat-170,arduino-uno-r4-pcb-layout-step-by-step-in-altium-designer-2,Arduino UNO R4 PCB Layout Step-by-Step in Altium Designer,https://www.youtube.com/watch?v=Si2nl-dXsKw,Si2nl-dXsKw,id_present,Altium Designer,Intermediate,Educational Engineering Team tutorial: Arduino UNO R4 PCB Layout Step-by-Step in Altium Designer,0,,,Source: MD channel Altium search dump via parse_report; list#170; batch 151–200; channel=Educational Engineering Team,url_recovered
cat-171,project-setup-in-altium-develop,Project setup in Altium Develop,https://www.youtube.com/watch?v=y5xCtsT5he4,y5xCtsT5he4,id_present,Altium Develop,Intermediate,Educational Engineering Team tutorial: Project setup in Altium Develop,0,,,Source: MD channel Altium search dump via parse_report; list#171; batch 151–200; channel=Educational Engineering Team,url_recovered
cat-172,06-importing-schematic-designs-into-the-pcb-layout-workspace,06| Importing Schematic Designs into the PCB Layout Workspace,https://www.youtube.com/watch?v=WM0GPuI4FPI,WM0GPuI4FPI,id_present,Altium Designer,Intermediate,Educational Engineering Team tutorial: 06| Importing Schematic Designs into the PCB Layout Workspace,0,,Altium Develop series (episode 06),Source: MD channel Altium search dump via parse_report; list#172; batch 151–200; channel=Educational Engineering Team,url_recovered
cat-173,cupboard-lighting-circuit-using-transistor,Cupboard Lighting Circuit using Transistor,https://www.youtube.com/watch?v=pwLIlhC2xXM,pwLIlhC2xXM,id_present,Altium Designer,Intermediate,Educational Engineering Team tutorial: Cupboard Lighting Circuit using Transistor,0,,,Source: MD channel Altium search dump via parse_report; list#173; batch 151–200; channel=Educational Engineering Team,url_recovered
cat-174,setting-up-a-project-with-altium,Setting Up a Project with Altium,https://www.youtube.com/watch?v=axZYkg72aYw,axZYkg72aYw,id_present,Altium Designer,Intermediate,Educational Engineering Team tutorial: Setting Up a Project with Altium,0,,,Source: MD channel Altium search dump via parse_report; list#174; batch 151–200; channel=Educational Engineering Team,url_recovered
cat-175,03-pcb-project-setup-for-team-collaboration,03| PCB Project Setup for Team Collaboration,https://www.youtube.com/watch?v=zFOiYNcBVEY,zFOiYNcBVEY,id_present,Altium Designer,Intermediate,Educational Engineering Team tutorial: 03| PCB Project Setup for Team Collaboration,0,,Altium Develop series (episode 03),Source: MD channel Altium search dump via parse_report; list#175; batch 151–200; channel=Educational Engineering Team,url_recovered
cat-176,tracking-design-progress-in-altium-develop,Tracking Design Progress in Altium Develop,https://www.youtube.com/watch?v=nfPooIm7l64,nfPooIm7l64,id_present,Altium Develop,Intermediate,Educational Engineering Team tutorial: Tracking Design Progress in Altium Develop,0,,,Source: MD channel Altium search dump via parse_report; list#176; batch 151–200; channel=Educational Engineering Team,url_recovered
cat-177,02-connected-pcb-design-stack-setup-and-review-workflow,02| Connected PCB Design Stack Setup and Review Workflow,https://www.youtube.com/watch?v=d16MHZHkwsw,d16MHZHkwsw,id_present,Altium Designer,Intermediate,Educational Engineering Team tutorial: 02| Connected PCB Design Stack Setup and Review Workflow,0,,Altium Develop series (episode 02),Source: MD channel Altium search dump via parse_report; list#177; batch 151–200; channel=Educational Engineering Team,url_recovered
cat-178,lm2576-buck-converter,LM2576 Buck Converter,https://www.youtube.com/watch?v=dg_2NrqUJBg,dg_2NrqUJBg,id_present,Altium Designer,Intermediate,Educational Engineering Team tutorial: LM2576 Buck Converter,0,,,Source: MD channel Altium search dump via parse_report; list#178; batch 151–200; channel=Educational Engineering Team,url_recovered
cat-179,01-altium-develop-platform-tour-for-engineers,01 Altium Develop Platform Tour for Engineers,https://www.youtube.com/watch?v=fRp3HBx_Dms,fRp3HBx_Dms,id_present,Altium Develop,Intermediate,Educational Engineering Team tutorial: 01 Altium Develop Platform Tour for Engineers,0,,Numbered tutorial (part 01),Source: MD channel Altium search dump via parse_report; list#179; batch 151–200; channel=Educational Engineering Team,url_recovered
cat-180,inviting-unlimited-external-stakeholders-safely-altium-develop,Inviting Unlimited External Stakeholders Safely - Altium Develop,https://www.youtube.com/watch?v=BO50EfxPMMc,BO50EfxPMMc,id_present,Altium Develop,Intermediate,Educational Engineering Team tutorial: Inviting Unlimited External Stakeholders Safely - Altium Develop,0,,,Source: MD channel Altium search dump via parse_report; list#180; batch 151–200; channel=Educational Engineering Team,url_recovered
cat-181,hardware-version-control-in-altium-develop,Hardware Version Control in Altium Develop,https://www.youtube.com/watch?v=YM8uoe5nTDM,YM8uoe5nTDM,id_present,Altium Develop,Intermediate,Educational Engineering Team tutorial: Hardware Version Control in Altium Develop,0,,,Source: MD channel Altium search dump via parse_report; list#181; batch 151–200; channel=Educational Engineering Team,url_recovered
cat-182,06-running-sprint-week-in-altium-develop,06 Running Sprint Week in Altium Develop,https://www.youtube.com/watch?v=O5Pe1WgZFVc,O5Pe1WgZFVc,id_present,Altium Develop,Intermediate,Educational Engineering Team tutorial: 06 Running Sprint Week in Altium Develop,0,,Numbered tutorial (part 06),Source: MD channel Altium search dump via parse_report; list#182; batch 151–200; channel=Educational Engineering Team,url_recovered
cat-183,05-how-altium-develop-enables-engineering-verification,05 How Altium Develop enables Engineering Verification,https://www.youtube.com/watch?v=zJj8fUTas_E,zJj8fUTas_E,id_present,Altium Develop,Intermediate,Educational Engineering Team tutorial: 05 How Altium Develop enables Engineering Verification,0,,Altium Develop how-to (part 05),Source: MD channel Altium search dump via parse_report; list#183; batch 151–200; channel=Educational Engineering Team,url_recovered
cat-184,01-altium-develop-for-system-level-architects,01 Altium Develop for system level architects,https://www.youtube.com/watch?v=J3G-LU9X9EA,J3G-LU9X9EA,id_present,Altium Develop,Intermediate,Educational Engineering Team tutorial: 01 Altium Develop for system level architects,0,,Numbered tutorial (part 01),Source: MD channel Altium search dump via parse_report; list#184; batch 151–200; channel=Educational Engineering Team,url_recovered
cat-185,04-managing-schematic-components-in-a-connected-pcb-workflow,04| Managing Schematic Components in a Connected PCB Workflow,https://www.youtube.com/watch?v=fdl7XDzjDxQ,fdl7XDzjDxQ,id_present,Altium Designer,Intermediate,Educational Engineering Team tutorial: 04| Managing Schematic Components in a Connected PCB Workflow,0,,Altium Develop series (episode 04),Source: MD channel Altium search dump via parse_report; list#185; batch 151–200; channel=Educational Engineering Team,url_recovered
cat-186,02-linking-customer-feedback-to-altium-develop,02 Linking customer feedback to Altium Develop,https://www.youtube.com/watch?v=BB0Qf0LCWh4,BB0Qf0LCWh4,id_present,Altium Develop,Intermediate,Educational Engineering Team tutorial: 02 Linking customer feedback to Altium Develop,0,,Numbered tutorial (part 02),Source: MD channel Altium search dump via parse_report; list#186; batch 151–200; channel=Educational Engineering Team,url_recovered
cat-187,from-jira-ticket-to-released-pcb-in-altium-develop,From Jira Ticket to Released PCB in Altium Develop,https://www.youtube.com/watch?v=CGnKWzMxyvg,CGnKWzMxyvg,id_present,Altium Develop,Intermediate,Educational Engineering Team tutorial: From Jira Ticket to Released PCB in Altium Develop,0,,,Source: MD channel Altium search dump via parse_report; list#187; batch 151–200; channel=Educational Engineering Team,url_recovered
cat-188,05-how-to-review-schematics-effectively-in-altium-develop,05 How to Review Schematics Effectively in Altium Develop,https://www.youtube.com/watch?v=QlxX9bAEsjo,QlxX9bAEsjo,id_present,Altium Develop,Intermediate,Educational Engineering Team tutorial: 05 How to Review Schematics Effectively in Altium Develop,0,,Altium Develop how-to (part 05),Source: MD channel Altium search dump via parse_report; list#188; batch 151–200; channel=Educational Engineering Team,url_recovered
cat-189,understanding-the-error-condition-altium-designer,Understanding the error condition-Altium Designer,https://www.youtube.com/watch?v=31awO7MD7zE,31awO7MD7zE,id_present,Altium Designer,Intermediate,Educational Engineering Team tutorial: Understanding the error condition-Altium Designer,0,,,Source: MD channel Altium search dump via parse_report; list#189; batch 151–200; channel=Educational Engineering Team,url_recovered
cat-190,from-requirement-to-test-point-in-altium-develop,From Requirement to Test Point in Altium Develop,https://www.youtube.com/watch?v=-9-n8f1kxX8,-9-n8f1kxX8,id_present,Altium Develop,Intermediate,Educational Engineering Team tutorial: From Requirement to Test Point in Altium Develop,0,,,Source: MD channel Altium search dump via parse_report; list#190; batch 151–200; channel=Educational Engineering Team,url_recovered
cat-191,arduino-uno-r4-component-placement-step-by-step-in-altium-designer,Arduino UNO R4 Component Placement Step by Step in Altium Designer,https://www.youtube.com/watch?v=GCLJ2ytmK4k,GCLJ2ytmK4k,id_present,Altium Designer,Intermediate,Educational Engineering Team tutorial: Arduino UNO R4 Component Placement Step by Step in Altium Designer,0,,,Source: MD channel Altium search dump via parse_report; list#191; batch 151–200; channel=Educational Engineering Team,url_recovered
cat-192,altium-vs-eagle-for-pbc-layout,Altium vs Eagle for PBC layout,https://www.youtube.com/watch?v=LzS0fxrEQHQ,LzS0fxrEQHQ,id_present,Altium Designer,Intermediate,Educational Engineering Team tutorial: Altium vs Eagle for PBC layout,0,,,Source: MD channel Altium search dump via parse_report; list#192; batch 151–200; channel=Educational Engineering Team,url_recovered
cat-193,altium-sets-up-the-comparator-for-you,Altium Sets Up the Comparator for You,https://www.youtube.com/watch?v=yhhe5yaR2B8,yhhe5yaR2B8,id_present,Altium Designer,Intermediate,Educational Engineering Team tutorial: Altium Sets Up the Comparator for You,0,,,Source: MD channel Altium search dump via parse_report; list#193; batch 151–200; channel=Educational Engineering Team,url_recovered
cat-194,design-nfc-reader-using-altium-designer,Design NFC reader using Altium Designer,https://www.youtube.com/watch?v=fB0MfAb660A,fB0MfAb660A,id_present,Altium Designer,Intermediate,Educational Engineering Team tutorial: Design NFC reader using Altium Designer,0,,,Source: MD channel Altium search dump via parse_report; list#194; batch 151–200; channel=Educational Engineering Team,url_recovered
cat-195,altium-is-here-to-shape-up-your-pcb-design,Altium is here to shape-up your PCB design,https://www.youtube.com/watch?v=JsjuTVz5Y-A,JsjuTVz5Y-A,id_present,Altium Designer,Intermediate,Educational Engineering Team tutorial: Altium is here to shape-up your PCB design,0,,,Source: MD channel Altium search dump via parse_report; list#195; batch 151–200; channel=Educational Engineering Team,url_recovered
cat-196,7-altium-annotation-tools-assign-designators-correctly-every-time,7 Altium Annotation Tools: Assign Designators Correctly Every Time,https://www.youtube.com/watch?v=L80LQsII6F0,L80LQsII6F0,id_present,Altium Designer,Intermediate,Educational Engineering Team tutorial: 7 Altium Annotation Tools: Assign Designators Correctly Every Time,0,,,Source: MD channel Altium search dump via parse_report; list#196; batch 151–200; channel=Educational Engineering Team,url_recovered
cat-197,how-to-transfer-a-design-from-altium,How to Transfer a Design from Altium,https://www.youtube.com/watch?v=mHiYSDWaxfY,mHiYSDWaxfY,id_present,Altium Designer,Intermediate,Educational Engineering Team tutorial: How to Transfer a Design from Altium,0,,,Source: MD channel Altium search dump via parse_report; list#197; batch 151–200; channel=Educational Engineering Team,url_recovered
cat-198,component-positioning-and-placement-options-altium-designer,Component positioning and placement options-Altium Designer,https://www.youtube.com/watch?v=szeqxPCN2Ek,szeqxPCN2Ek,id_present,Altium Designer,Intermediate,Educational Engineering Team tutorial: Component positioning and placement options-Altium Designer,0,,,Source: MD channel Altium search dump via parse_report; list#198; batch 151–200; channel=Educational Engineering Team,url_recovered
cat-199,connecting-ecad-mcad-and-manufacturing-the-future-of-unified-design-altium-devel,"Connecting ECAD, MCAD and Manufacturing — The Future of Unified Design Altium Develop",https://www.youtube.com/watch?v=YlYz2IbLMX4,YlYz2IbLMX4,id_present,Altium Develop,Intermediate,"Educational Engineering Team tutorial: Connecting ECAD, MCAD and Manufacturing — The Future of Unified Design Altium Develop",0,,,Source: MD channel Altium search dump via parse_report; list#199; batch 151–200; channel=Educational Engineering Team,url_recovered
cat-200,get-ready-to-rock-out-it-s-time-to-route,Get Ready To Rock Out! It's Time To Route!,https://www.youtube.com/watch?v=qMvdCfnjMpE,qMvdCfnjMpE,id_present,Altium Designer,Intermediate,Educational Engineering Team tutorial: Get Ready To Rock Out! It's Time To Route!,0,,,Source: MD channel Altium search dump via parse_report; list#200; batch 151–200; channel=Educational Engineering Team,url_recovered
cat-201,existing-design-rule-violations,Existing design rule violations,https://www.youtube.com/watch?v=oTzJ96a1s30,oTzJ96a1s30,id_present,Altium Designer,Intermediate,Educational Engineering Team tutorial: Existing design rule violations,0,,,"Source: MD channel Altium search dump via parse_report; list#201; batch 201–255, final batch; channel=Educational Engineering Team",url_recovered
cat-202,03-capturing-arduino-uno-schematics-in-altium-develop,03 Capturing Arduino UNO Schematics in Altium Develop,https://www.youtube.com/watch?v=oDkou7M0k3I,oDkou7M0k3I,id_present,Altium Develop,Intermediate,Educational Engineering Team tutorial: 03 Capturing Arduino UNO Schematics in Altium Develop,0,,Numbered tutorial (part 03),"Source: MD channel Altium search dump via parse_report; list#202; batch 201–255, final batch; channel=Educational Engineering Team",url_recovered
cat-203,adding-net-labels,Adding Net Labels,https://www.youtube.com/watch?v=MarqodEHoGI,MarqodEHoGI,id_present,Altium Designer,Intermediate,Educational Engineering Team tutorial: Adding Net Labels,0,,,"Source: MD channel Altium search dump via parse_report; list#203; batch 201–255, final batch; channel=Educational Engineering Team",url_recovered
cat-204,suitable-grid-settings-altium-designer,Suitable Grid Settings-Altium Designer,https://www.youtube.com/watch?v=z12BifJBZ04,z12BifJBZ04,id_present,Altium Designer,Intermediate,Educational Engineering Team tutorial: Suitable Grid Settings-Altium Designer,0,,,"Source: MD channel Altium search dump via parse_report; list#204; batch 201–255, final batch; channel=Educational Engineering Team",url_recovered
cat-205,07-arduino-uno-pcb-placement-and-routing-guide,07 Arduino UNO PCB Placement and Routing Guide,https://www.youtube.com/watch?v=oy3y99JuCc0,oy3y99JuCc0,id_present,Altium Designer,Intermediate,Educational Engineering Team tutorial: 07 Arduino UNO PCB Placement and Routing Guide,0,,Numbered tutorial (part 07),"Source: MD channel Altium search dump via parse_report; list#205; batch 201–255, final batch; channel=Educational Engineering Team",url_recovered
cat-206,designs-now-protected-by-electrical-clearance-constraint,Designs Now Protected by Electrical Clearance Constraint,https://www.youtube.com/watch?v=pL0dCzdkq-U,pL0dCzdkq-U,id_present,Altium Designer,Intermediate,Educational Engineering Team tutorial: Designs Now Protected by Electrical Clearance Constraint,0,,,"Source: MD channel Altium search dump via parse_report; list#206; batch 201–255, final batch; channel=Educational Engineering Team",url_recovered
cat-207,link-footprint-with-schematic-library-altium-designer-2,Link footprint with Schematic Library - Altium Designer,https://www.youtube.com/watch?v=PBuccAJ8xjY,PBuccAJ8xjY,id_present,Altium Designer,Intermediate,Educational Engineering Team tutorial: Link footprint with Schematic Library - Altium Designer,0,,,"Source: MD channel Altium search dump via parse_report; list#207; batch 201–255, final batch; channel=Educational Engineering Team",url_recovered
cat-208,design-iot-switch-using-altium-designer,Design IOT switch using Altium Designer,https://www.youtube.com/watch?v=CfT8T629USo,CfT8T629USo,id_present,Altium Designer,Intermediate,Educational Engineering Team tutorial: Design IOT switch using Altium Designer,0,,,"Source: MD channel Altium search dump via parse_report; list#208; batch 201–255, final batch; channel=Educational Engineering Team",url_recovered
cat-209,alternate-switching-led-circuit-using-altium-designer,Alternate Switching LED circuit using Altium Designer,https://www.youtube.com/watch?v=Fh1Bc5LYf_k,Fh1Bc5LYf_k,id_present,Altium Designer,Intermediate,Educational Engineering Team tutorial: Alternate Switching LED circuit using Altium Designer,0,,,"Source: MD channel Altium search dump via parse_report; list#209; batch 201–255, final batch; channel=Educational Engineering Team",url_recovered
cat-210,project-history,Project History,https://www.youtube.com/watch?v=3CkMDNvNZsw,3CkMDNvNZsw,id_present,Altium Designer,Intermediate,Educational Engineering Team tutorial: Project History,0,,,"Source: MD channel Altium search dump via parse_report; list#210; batch 201–255, final batch; channel=Educational Engineering Team",url_recovered
cat-211,i2c-oled-display-using-altium-designher,I2C OLED Display using Altium Designher,https://www.youtube.com/watch?v=CwOTT-O4OMA,CwOTT-O4OMA,id_present,Altium Designer,Intermediate,Educational Engineering Team tutorial: I2C OLED Display using Altium Designher,0,,,"Source: MD channel Altium search dump via parse_report; list#211; batch 201–255, final batch; channel=Educational Engineering Team",url_recovered
cat-212,08-mcad-co-designer-checks-for-arduino-uno-explained,08 MCAD Co-Designer Checks for Arduino UNO Explained,https://www.youtube.com/watch?v=VvHRmc21EXg,VvHRmc21EXg,id_present,Altium Designer,Intermediate,Educational Engineering Team tutorial: 08 MCAD Co-Designer Checks for Arduino UNO Explained,0,,Numbered tutorial (part 08),"Source: MD channel Altium search dump via parse_report; list#212; batch 201–255, final batch; channel=Educational Engineering Team",url_recovered
cat-213,silk-to-silk-clearance-violation-altium-designer,Silk to silk clearance violation- Altium Designer,https://www.youtube.com/watch?v=fGTBIretqTc,fGTBIretqTc,id_present,Altium Designer,Intermediate,Educational Engineering Team tutorial: Silk to silk clearance violation- Altium Designer,0,,,"Source: MD channel Altium search dump via parse_report; list#213; batch 201–255, final batch; channel=Educational Engineering Team",url_recovered
cat-214,11-pcb-routing-and-ground-plane-design-for-reliable-boards-in-altium-develop,11| PCB Routing and Ground Plane Design for Reliable Boards in Altium Develop,https://www.youtube.com/watch?v=60VRmxI2HO4,60VRmxI2HO4,id_present,Altium Develop,Intermediate,Educational Engineering Team tutorial: 11| PCB Routing and Ground Plane Design for Reliable Boards in Altium Develop,0,,Altium Develop series (episode 11),"Source: MD channel Altium search dump via parse_report; list#214; batch 201–255, final batch; channel=Educational Engineering Team",url_recovered
cat-215,4-create-esp32-pcb-footprint-library-from-scratch,4 Create ESP32 PCB Footprint Library from Scratch,https://www.youtube.com/watch?v=t6ePVpeCLxw,t6ePVpeCLxw,id_present,Altium Designer,Intermediate,Educational Engineering Team tutorial: 4 Create ESP32 PCB Footprint Library from Scratch,0,,,"Source: MD channel Altium search dump via parse_report; list#215; batch 201–255, final batch; channel=Educational Engineering Team",url_recovered
cat-216,review-the-design-rules-and-save-time,Review the design rules and save time,https://www.youtube.com/watch?v=Y_20F8_ptEs,Y_20F8_ptEs,id_present,Altium Designer,Intermediate,Educational Engineering Team tutorial: Review the design rules and save time,0,,,"Source: MD channel Altium search dump via parse_report; list#216; batch 201–255, final batch; channel=Educational Engineering Team",url_recovered
cat-217,selecting-the-right-buck-ic-topology-altium-designer-tutorial,Selecting the Right Buck IC & Topology - Altium Designer Tutorial,https://www.youtube.com/watch?v=2Hc_xpuXvGU,2Hc_xpuXvGU,id_present,Altium Designer,Intermediate,Educational Engineering Team tutorial: Selecting the Right Buck IC & Topology - Altium Designer Tutorial,0,,,"Source: MD channel Altium search dump via parse_report; list#217; batch 201–255, final batch; channel=Educational Engineering Team",url_recovered
cat-218,how-to-set-data-boundaries-with-rbac-in-altium,How to Set Data Boundaries with RBAC in Altium,https://www.youtube.com/watch?v=R6Wh4qTMVUs,R6Wh4qTMVUs,id_present,Altium Designer,Intermediate,Educational Engineering Team tutorial: How to Set Data Boundaries with RBAC in Altium,0,,,"Source: MD channel Altium search dump via parse_report; list#218; batch 201–255, final batch; channel=Educational Engineering Team",url_recovered
cat-219,sliding-tips-that-are-interactive,Sliding tips that are interactive,https://www.youtube.com/watch?v=Vu2mBwsfIgw,Vu2mBwsfIgw,id_present,Altium Designer,Intermediate,Educational Engineering Team tutorial: Sliding tips that are interactive,0,,,"Source: MD channel Altium search dump via parse_report; list#219; batch 201–255, final batch; channel=Educational Engineering Team",url_recovered
cat-220,interactive-routing-modes,Interactive routing modes,https://www.youtube.com/watch?v=DVbcvhvDa7o,DVbcvhvDa7o,id_present,Altium Designer,Intermediate,Educational Engineering Team tutorial: Interactive routing modes,0,,,"Source: MD channel Altium search dump via parse_report; list#220; batch 201–255, final batch; channel=Educational Engineering Team",url_recovered
cat-221,getting-started-with-the-pcb-design-solve-errors-altium-designer,Getting Started with the PCB Design Solve Errors Altium Designer,https://www.youtube.com/watch?v=gIO5lagvDKI,gIO5lagvDKI,id_present,Altium Designer,Beginner,Educational Engineering Team tutorial: Getting Started with the PCB Design Solve Errors Altium Designer,0,,,"Source: MD channel Altium search dump via parse_report; list#221; batch 201–255, final batch; channel=Educational Engineering Team",url_recovered
cat-222,06-common-issues-with-modular-architectural-design,06 Common Issues with Modular Architectural Design,https://www.youtube.com/watch?v=IFRiC4swlaY,IFRiC4swlaY,id_present,Altium Designer,Intermediate,Educational Engineering Team tutorial: 06 Common Issues with Modular Architectural Design,0,,Numbered tutorial (part 06),"Source: MD channel Altium search dump via parse_report; list#222; batch 201–255, final batch; channel=Educational Engineering Team",url_recovered
cat-223,arduino-uno-r4-schematic-pcb-design-course,Arduino UNO R4 Schematic & PCB Design Course,https://www.youtube.com/watch?v=o-V6yCPvxt4,o-V6yCPvxt4,id_present,Altium Designer,Intermediate,Educational Engineering Team tutorial: Arduino UNO R4 Schematic & PCB Design Course,0,,,"Source: MD channel Altium search dump via parse_report; list#223; batch 201–255, final batch; channel=Educational Engineering Team",url_recovered
cat-224,preparing-the-output-bom-altium-desinger,Preparing the output BOM-Altium Desinger,https://www.youtube.com/watch?v=wFGC-LLj6Ig,wFGC-LLj6Ig,id_present,Altium Designer,Intermediate,Educational Engineering Team tutorial: Preparing the output BOM-Altium Desinger,0,,,"Source: MD channel Altium search dump via parse_report; list#224; batch 201–255, final batch; channel=Educational Engineering Team",url_recovered
cat-225,cutting-re-spins-with-continuous-insight-in-altium-develop,Cutting Re-Spins with Continuous Insight in Altium Develop,https://www.youtube.com/watch?v=h3TjL-bWdWo,h3TjL-bWdWo,id_present,Altium Develop,Intermediate,Educational Engineering Team tutorial: Cutting Re-Spins with Continuous Insight in Altium Develop,0,,,"Source: MD channel Altium search dump via parse_report; list#225; batch 201–255, final batch; channel=Educational Engineering Team",url_recovered
cat-226,ultrasonic-sensor-using-altium-designer,Ultrasonic Sensor using altium Designer,https://www.youtube.com/watch?v=Udi3h349L3g,Udi3h349L3g,id_present,Altium Designer,Intermediate,Educational Engineering Team tutorial: Ultrasonic Sensor using altium Designer,0,,,"Source: MD channel Altium search dump via parse_report; list#226; batch 201–255, final batch; channel=Educational Engineering Team",url_recovered
cat-227,how-to-add-a-new-board,How to Add a New Board,https://www.youtube.com/watch?v=LslUqY25m-g,LslUqY25m-g,id_present,Altium Designer,Intermediate,Educational Engineering Team tutorial: How to Add a New Board,0,,,"Source: MD channel Altium search dump via parse_report; list#227; batch 201–255, final batch; channel=Educational Engineering Team",url_recovered
cat-228,arduino-nano-with-oled-display-using-altium-designer,Arduino nano with OLED Display using Altium Designer,https://www.youtube.com/watch?v=Q3Irz5e94IU,Q3Irz5e94IU,id_present,Altium Designer,Intermediate,Educational Engineering Team tutorial: Arduino nano with OLED Display using Altium Designer,0,,,"Source: MD channel Altium search dump via parse_report; list#228; batch 201–255, final batch; channel=Educational Engineering Team",url_recovered
cat-229,adding-components-and-placing-them-on-schematic-altium-designer,Adding Components and Placing them on Schematic Altium Designer,https://www.youtube.com/watch?v=BTELgnqzZ6k,BTELgnqzZ6k,id_present,Altium Designer,Intermediate,Educational Engineering Team tutorial: Adding Components and Placing them on Schematic Altium Designer,0,,,"Source: MD channel Altium search dump via parse_report; list#229; batch 201–255, final batch; channel=Educational Engineering Team",url_recovered
cat-230,configuring-the-bill-of-materials-altium-designer,Configuring the bill of materials-Altium Designer,https://www.youtube.com/watch?v=pTYD_t9NXg0,pTYD_t9NXg0,id_present,Altium Designer,Intermediate,Educational Engineering Team tutorial: Configuring the bill of materials-Altium Designer,0,,,"Source: MD channel Altium search dump via parse_report; list#230; batch 201–255, final batch; channel=Educational Engineering Team",url_recovered
cat-231,10-smart-pcb-component-placement-workflow-in-altium-develop,10| Smart PCB Component Placement Workflow in Altium Develop,https://www.youtube.com/watch?v=QtLncn3RYUI,QtLncn3RYUI,id_present,Altium Develop,Intermediate,Educational Engineering Team tutorial: 10| Smart PCB Component Placement Workflow in Altium Develop,0,,Altium Develop series (episode 10),"Source: MD channel Altium search dump via parse_report; list#231; batch 201–255, final batch; channel=Educational Engineering Team",url_recovered
cat-232,03-synchronization-with-firmware-team,03 Synchronization with firmware team,https://www.youtube.com/watch?v=vpN9w8elDg8,vpN9w8elDg8,id_present,Altium Designer,Intermediate,Educational Engineering Team tutorial: 03 Synchronization with firmware team,0,,Numbered tutorial (part 03),"Source: MD channel Altium search dump via parse_report; list#232; batch 201–255, final batch; channel=Educational Engineering Team",url_recovered
cat-233,preparing-for-interactive-routing,Preparing for interactive routing,https://www.youtube.com/watch?v=tz9_j1YdLTA,tz9_j1YdLTA,id_present,Altium Designer,Intermediate,Educational Engineering Team tutorial: Preparing for interactive routing,0,,,"Source: MD channel Altium search dump via parse_report; list#233; batch 201–255, final batch; channel=Educational Engineering Team",url_recovered
cat-234,releasing-of-a-project,Releasing of a Project,https://www.youtube.com/watch?v=qTZkHsIQs9E,qTZkHsIQs9E,id_present,Altium Designer,Intermediate,Educational Engineering Team tutorial: Releasing of a Project,0,,,"Source: MD channel Altium search dump via parse_report; list#234; batch 201–255, final batch; channel=Educational Engineering Team",url_recovered
cat-235,project-history-altium-designer,Project History-Altium Designer,https://www.youtube.com/watch?v=sZXOjk0PXps,sZXOjk0PXps,id_present,Altium Designer,Intermediate,Educational Engineering Team tutorial: Project History-Altium Designer,0,,,"Source: MD channel Altium search dump via parse_report; list#235; batch 201–255, final batch; channel=Educational Engineering Team",url_recovered
cat-236,a-new-tool-for-defining-routing-styles,A new tool for defining routing styles,https://www.youtube.com/watch?v=hV8zOiEEPfI,hV8zOiEEPfI,id_present,Altium Designer,Intermediate,Educational Engineering Team tutorial: A new tool for defining routing styles,0,,,"Source: MD channel Altium search dump via parse_report; list#236; batch 201–255, final batch; channel=Educational Engineering Team",url_recovered
cat-237,humidity-sensor-in-altium-designer,Humidity Sensor in Altium Designer,https://www.youtube.com/watch?v=sxFfsjY5kww,sxFfsjY5kww,id_present,Altium Designer,Intermediate,Educational Engineering Team tutorial: Humidity Sensor in Altium Designer,0,,,"Source: MD channel Altium search dump via parse_report; list#237; batch 201–255, final batch; channel=Educational Engineering Team",url_recovered
cat-238,how-to-place-the-resistors,How to place the resistors,https://www.youtube.com/watch?v=3G6KgY4aPS4,3G6KgY4aPS4,id_present,Altium Designer,Intermediate,Educational Engineering Team tutorial: How to place the resistors,0,,,"Source: MD channel Altium search dump via parse_report; list#238; batch 201–255, final batch; channel=Educational Engineering Team",url_recovered
cat-239,servo-motor-driver-using-altium-designer,Servo Motor Driver using Altium Designer,https://www.youtube.com/watch?v=qG4O4SMxsD0,qG4O4SMxsD0,id_present,Altium Designer,Intermediate,Educational Engineering Team tutorial: Servo Motor Driver using Altium Designer,0,,,"Source: MD channel Altium search dump via parse_report; list#239; batch 201–255, final batch; channel=Educational Engineering Team",url_recovered
cat-240,11-how-reviewers-can-review-effectively,11 How Reviewers Can Review Effectively,https://www.youtube.com/watch?v=RMXAX6n6jKo,RMXAX6n6jKo,id_present,Altium Designer,Intermediate,Educational Engineering Team tutorial: 11 How Reviewers Can Review Effectively,0,,Altium Develop how-to (part 11),"Source: MD channel Altium search dump via parse_report; list#240; batch 201–255, final batch; channel=Educational Engineering Team",url_recovered
cat-241,setting-the-snap-grid-for-design,Setting the Snap Grid for Design,https://www.youtube.com/watch?v=kBflcMSSSmA,kBflcMSSSmA,id_present,Altium Designer,Intermediate,Educational Engineering Team tutorial: Setting the Snap Grid for Design,0,,,"Source: MD channel Altium search dump via parse_report; list#241; batch 201–255, final batch; channel=Educational Engineering Team",url_recovered
cat-242,displaying-layers-view-configuration,Displaying Layers View Configuration,https://www.youtube.com/watch?v=VUiOi7qAJYY,VUiOi7qAJYY,id_present,Altium Designer,Intermediate,Educational Engineering Team tutorial: Displaying Layers View Configuration,0,,,"Source: MD channel Altium search dump via parse_report; list#242; batch 201–255, final batch; channel=Educational Engineering Team",url_recovered
cat-243,04-three-engineering-roles-use-the-same-workspace,04 Three Engineering Roles use the same workspace,https://www.youtube.com/watch?v=Y8YZcGbn0Ao,Y8YZcGbn0Ao,id_present,Altium Designer,Intermediate,Educational Engineering Team tutorial: 04 Three Engineering Roles use the same workspace,0,,Numbered tutorial (part 04),"Source: MD channel Altium search dump via parse_report; list#243; batch 201–255, final batch; channel=Educational Engineering Team",url_recovered
cat-244,11-from-design-to-production-arduino-outputs-guide,11 From Design to Production Arduino Outputs Guide,https://www.youtube.com/watch?v=FQnj9FhfQ4U,FQnj9FhfQ4U,id_present,Altium Designer,Intermediate,Educational Engineering Team tutorial: 11 From Design to Production Arduino Outputs Guide,0,,Numbered tutorial (part 11),"Source: MD channel Altium search dump via parse_report; list#244; batch 201–255, final batch; channel=Educational Engineering Team",url_recovered
cat-245,learning-how-to-place-the-multivibrator-parts-properly,Learning how to place the Multivibrator parts properly,https://www.youtube.com/watch?v=nIDic1uhwmw,nIDic1uhwmw,id_present,Altium Designer,Intermediate,Educational Engineering Team tutorial: Learning how to place the Multivibrator parts properly,0,,,"Source: MD channel Altium search dump via parse_report; list#245; batch 201–255, final batch; channel=Educational Engineering Team",url_recovered
cat-246,how-to-switch-ui-dark-and-light-theme-altium-designer,How to switch UI Dark and Light theme - Altium Designer,https://www.youtube.com/watch?v=bmMsJ9U41sk,bmMsJ9U41sk,id_present,Altium Designer,Intermediate,Educational Engineering Team tutorial: How to switch UI Dark and Light theme - Altium Designer,0,,,"Source: MD channel Altium search dump via parse_report; list#246; batch 201–255, final batch; channel=Educational Engineering Team",url_recovered
cat-247,modifying-and-rerouting-existing-routes,Modifying and rerouting existing routes,https://www.youtube.com/watch?v=k0g4ZZQ5gB8,k0g4ZZQ5gB8,id_present,Altium Designer,Intermediate,Educational Engineering Team tutorial: Modifying and rerouting existing routes,0,,,"Source: MD channel Altium search dump via parse_report; list#247; batch 201–255, final batch; channel=Educational Engineering Team",url_recovered
cat-248,configuring-the-gerber-files-altium-designer,Configuring the Gerber files-Altium Designer,https://www.youtube.com/watch?v=-hl-ynp-OkY,-hl-ynp-OkY,id_present,Altium Designer,Intermediate,Educational Engineering Team tutorial: Configuring the Gerber files-Altium Designer,0,,,"Source: MD channel Altium search dump via parse_report; list#248; batch 201–255, final batch; channel=Educational Engineering Team",url_recovered
cat-249,switch-mode-power-supply-using-altium-designer,Switch Mode Power Supply using Altium Designer,https://www.youtube.com/watch?v=s-bL8LK6Gm8,s-bL8LK6Gm8,id_present,Altium Designer,Intermediate,Educational Engineering Team tutorial: Switch Mode Power Supply using Altium Designer,0,,,"Source: MD channel Altium search dump via parse_report; list#249; batch 201–255, final batch; channel=Educational Engineering Team",url_recovered
cat-250,ai-assisted-requirements-for-precise-engineering,AI-Assisted Requirements for Precise Engineering,https://www.youtube.com/watch?v=IFfmJh1QBxY,IFfmJh1QBxY,id_present,Altium Designer,Intermediate,Educational Engineering Team tutorial: AI-Assisted Requirements for Precise Engineering,0,,,"Source: MD channel Altium search dump via parse_report; list#250; batch 201–255, final batch; channel=Educational Engineering Team",url_recovered
cat-251,11-constraint-intelligence-the-silent-partner,11 Constraint Intelligence: The Silent Partner,https://www.youtube.com/watch?v=jvOglNrsaj8,jvOglNrsaj8,id_present,Altium Designer,Intermediate,Educational Engineering Team tutorial: 11 Constraint Intelligence: The Silent Partner,0,,Numbered tutorial (part 11),"Source: MD channel Altium search dump via parse_report; list#251; batch 251–290, final batch; channel=Educational Engineering Team",url_recovered
cat-252,design-battery-level-indicator-pcb-using-altium-designer,Design Battery Level indicator PCB using Altium designer,https://www.youtube.com/watch?v=2zdqrb7WozI,2zdqrb7WozI,id_present,Altium Designer,Intermediate,Educational Engineering Team tutorial: Design Battery Level indicator PCB using Altium designer,0,,,"Source: MD channel Altium search dump via parse_report; list#252; batch 251–290, final batch; channel=Educational Engineering Team",url_recovered
cat-253,water-level-sensor-using-altium-designer,Water Level Sensor using Altium Designer,https://www.youtube.com/watch?v=PZHPLcho98U,PZHPLcho98U,id_present,Altium Designer,Intermediate,Educational Engineering Team tutorial: Water Level Sensor using Altium Designer,0,,,"Source: MD channel Altium search dump via parse_report; list#253; batch 251–290, final batch; channel=Educational Engineering Team",url_recovered
cat-254,performing-a-drc-design-rule-check,Performing a DRC (design rule check),https://www.youtube.com/watch?v=4MxFIPwDh24,4MxFIPwDh24,id_present,Altium Designer,Intermediate,Educational Engineering Team tutorial: Performing a DRC (design rule check),0,,,"Source: MD channel Altium search dump via parse_report; list#254; batch 251–290, final batch; channel=Educational Engineering Team",url_recovered
cat-255,adding-resistors-led-indicators-voltage-regulator-altium-designer,Adding Resistors LED Indicators Voltage Regulator Altium Designer,https://www.youtube.com/watch?v=QMMc-rNgm6w,QMMc-rNgm6w,id_present,Altium Designer,Intermediate,Educational Engineering Team tutorial: Adding Resistors LED Indicators Voltage Regulator Altium Designer,0,,,"Source: MD channel Altium search dump via parse_report; list#255; batch 251–290, final batch; channel=Educational Engineering Team",url_recovered
cat-256,design-pic-development-board-using-altium-designer,Design PIC development Board using Altium Designer,https://www.youtube.com/watch?v=jBMKHHkz8k0,jBMKHHkz8k0,id_present,Altium Designer,Intermediate,Educational Engineering Team tutorial: Design PIC development Board using Altium Designer,0,,,"Source: MD channel Altium search dump via parse_report; list#256; batch 251–290, final batch; channel=Educational Engineering Team",url_recovered
cat-257,12-how-to-manage-engineering-handoff-and-next-steps,12 How to Manage Engineering Handoff and Next Steps,https://www.youtube.com/watch?v=WT_bDQ6kMmU,WT_bDQ6kMmU,id_present,Altium Designer,Intermediate,Educational Engineering Team tutorial: 12 How to Manage Engineering Handoff and Next Steps,0,,Altium Develop how-to (part 12),"Source: MD channel Altium search dump via parse_report; list#257; batch 251–290, final batch; channel=Educational Engineering Team",url_recovered
cat-258,05-smarter-hardware-decisions-with-supply-chain-insight,05 Smarter Hardware Decisions with Supply Chain Insight,https://www.youtube.com/watch?v=53d_9yeZhqA,53d_9yeZhqA,id_present,Altium Designer,Intermediate,Educational Engineering Team tutorial: 05 Smarter Hardware Decisions with Supply Chain Insight,0,,Numbered tutorial (part 05),"Source: MD channel Altium search dump via parse_report; list#258; batch 251–290, final batch; channel=Educational Engineering Team",url_recovered
cat-259,design-arduino-nano-with-ultrasonic-sensor-using-altium-designer,Design Arduino nano with ultrasonic sensor using Altium designer,https://www.youtube.com/watch?v=unkax1DKIrc,unkax1DKIrc,id_present,Altium Designer,Intermediate,Educational Engineering Team tutorial: Design Arduino nano with ultrasonic sensor using Altium designer,0,,,"Source: MD channel Altium search dump via parse_report; list#259; batch 251–290, final batch; channel=Educational Engineering Team",url_recovered
cat-260,mini-audio-amplifier-circuit-using-ic-tda7052-using-altium-designer,Mini Audio Amplifier Circuit using IC TDA7052 using altium Designer,https://www.youtube.com/watch?v=StcwxiX4aco,StcwxiX4aco,id_present,Altium Designer,Intermediate,Educational Engineering Team tutorial: Mini Audio Amplifier Circuit using IC TDA7052 using altium Designer,0,,,"Source: MD channel Altium search dump via parse_report; list#260; batch 251–290, final batch; channel=Educational Engineering Team",url_recovered
cat-261,manual-routing-altium-designer,Manual Routing Altium Designer,https://www.youtube.com/watch?v=fTY5oe7e8cM,fTY5oe7e8cM,id_present,Altium Designer,Intermediate,Educational Engineering Team tutorial: Manual Routing Altium Designer,0,,,"Source: MD channel Altium search dump via parse_report; list#261; batch 251–290, final batch; channel=Educational Engineering Team",url_recovered
cat-262,annotating-and-compiling-project-altium-designer,Annotating and Compiling Project Altium Designer,https://www.youtube.com/watch?v=SV4zWu18rqw,SV4zWu18rqw,id_present,Altium Designer,Intermediate,Educational Engineering Team tutorial: Annotating and Compiling Project Altium Designer,0,,,"Source: MD channel Altium search dump via parse_report; list#262; batch 251–290, final batch; channel=Educational Engineering Team",url_recovered
cat-263,how-to-create-a-new-pcb-project,How to Create a New PCB Project,https://www.youtube.com/watch?v=Onp2SoUbUHY,Onp2SoUbUHY,id_present,Altium Designer,Intermediate,Educational Engineering Team tutorial: How to Create a New PCB Project,0,,,"Source: MD channel Altium search dump via parse_report; list#263; batch 251–290, final batch; channel=Educational Engineering Team",url_recovered
cat-264,positioning-components,Positioning Components,https://www.youtube.com/watch?v=J5__14xxS00,J5__14xxS00,id_present,Altium Designer,Intermediate,Educational Engineering Team tutorial: Positioning Components,0,,,"Source: MD channel Altium search dump via parse_report; list#264; batch 251–290, final batch; channel=Educational Engineering Team",url_recovered
cat-265,the-future-of-pcb-design-what-s-next,The Future of PCB Design – What's Next?,https://www.youtube.com/watch?v=Cug2BE7H_SI,Cug2BE7H_SI,id_present,Altium Designer,Intermediate,Educational Engineering Team tutorial: The Future of PCB Design – What's Next?,0,,,"Source: MD channel Altium search dump via parse_report; list#265; batch 251–290, final batch; channel=Educational Engineering Team",url_recovered
cat-266,individual-outputs-or-a-job-file-with-outputs,Individual outputs or a job file with outputs,https://www.youtube.com/watch?v=5Gza0RSVwoI,5Gza0RSVwoI,id_present,Altium Designer,Intermediate,Educational Engineering Team tutorial: Individual outputs or a job file with outputs,0,,,"Source: MD channel Altium search dump via parse_report; list#266; batch 251–290, final batch; channel=Educational Engineering Team",url_recovered
cat-267,smoke-sensor-using-altium-designer,Smoke Sensor using altium Designer,https://www.youtube.com/watch?v=Xo_6JoEwgbc,Xo_6JoEwgbc,id_present,Altium Designer,Intermediate,Educational Engineering Team tutorial: Smoke Sensor using altium Designer,0,,,"Source: MD channel Altium search dump via parse_report; list#267; batch 251–290, final batch; channel=Educational Engineering Team",url_recovered
cat-268,setting-the-snap-grid-altium-designer,Setting the snap grid - Altium Designer,https://www.youtube.com/watch?v=GlpdadweGLU,GlpdadweGLU,id_present,Altium Designer,Intermediate,Educational Engineering Team tutorial: Setting the snap grid - Altium Designer,0,,,"Source: MD channel Altium search dump via parse_report; list#268; batch 251–290, final batch; channel=Educational Engineering Team",url_recovered
cat-269,adding-net-labels-altium-designer,Adding Net Labels-Altium Designer,https://www.youtube.com/watch?v=tVqgH16uzUg,tVqgH16uzUg,id_present,Altium Designer,Intermediate,Educational Engineering Team tutorial: Adding Net Labels-Altium Designer,0,,,"Source: MD channel Altium search dump via parse_report; list#269; batch 251–290, final batch; channel=Educational Engineering Team",url_recovered
cat-270,placing-the-resistors-altium-designer,Placing the resistors-Altium Designer,https://www.youtube.com/watch?v=xb2oukODeyU,xb2oukODeyU,id_present,Altium Designer,Intermediate,Educational Engineering Team tutorial: Placing the resistors-Altium Designer,0,,,"Source: MD channel Altium search dump via parse_report; list#270; batch 251–290, final batch; channel=Educational Engineering Team",url_recovered
cat-271,creating-the-atmega-pcb-footprint-altium-designer,Creating the Atmega PCB Footprint Altium Designer,https://www.youtube.com/watch?v=JtOv5qz7Kgs,JtOv5qz7Kgs,id_present,Altium Designer,Intermediate,Educational Engineering Team tutorial: Creating the Atmega PCB Footprint Altium Designer,0,,,"Source: MD channel Altium search dump via parse_report; list#271; batch 251–290, final batch; channel=Educational Engineering Team",url_recovered
cat-272,atmega-schematic-connection-altium-designer,ATMEGA Schematic Connection Altium Designer,https://www.youtube.com/watch?v=9cT-GEzoTzo,9cT-GEzoTzo,id_present,Altium Designer,Intermediate,Educational Engineering Team tutorial: ATMEGA Schematic Connection Altium Designer,0,,,"Source: MD channel Altium search dump via parse_report; list#272; batch 251–290, final batch; channel=Educational Engineering Team",url_recovered
cat-273,improve-autorouting-trial-and-error-altium-designer,Improve AutoRouting Trial and Error Altium Designer,https://www.youtube.com/watch?v=ssYueOJ9618,ssYueOJ9618,id_present,Altium Designer,Intermediate,Educational Engineering Team tutorial: Improve AutoRouting Trial and Error Altium Designer,0,,,"Source: MD channel Altium search dump via parse_report; list#273; batch 251–290, final batch; channel=Educational Engineering Team",url_recovered
cat-274,09-arduino-uno-bom-management-made-simple,09 Arduino UNO BOM Management Made Simple,https://www.youtube.com/watch?v=vyiC7nD9Tdc,vyiC7nD9Tdc,id_present,Altium Designer,Intermediate,Educational Engineering Team tutorial: 09 Arduino UNO BOM Management Made Simple,0,,Numbered tutorial (part 09),"Source: MD channel Altium search dump via parse_report; list#274; batch 251–290, final batch; channel=Educational Engineering Team",url_recovered
cat-275,input-during-the-interactive-routing-process,Input during the interactive routing process,https://www.youtube.com/watch?v=Xgm3HR_Fyoc,Xgm3HR_Fyoc,id_present,Altium Designer,Intermediate,Educational Engineering Team tutorial: Input during the interactive routing process,0,,,"Source: MD channel Altium search dump via parse_report; list#275; batch 251–290, final batch; channel=Educational Engineering Team",url_recovered
cat-276,clearance-violations,Clearance violations,https://www.youtube.com/watch?v=KtM2gXWezoE,KtM2gXWezoE,id_present,Altium Designer,Intermediate,Educational Engineering Team tutorial: Clearance violations,0,,,"Source: MD channel Altium search dump via parse_report; list#276; batch 251–290, final batch; channel=Educational Engineering Team",url_recovered
cat-277,icsp-switch-resistor-array-crystal-microusb-altium-designer,ICSP SWITCH Resistor array crystal microusb Altium Designer,https://www.youtube.com/watch?v=NJmvrtugMN8,NJmvrtugMN8,id_present,Altium Designer,Intermediate,Educational Engineering Team tutorial: ICSP SWITCH Resistor array crystal microusb Altium Designer,0,,,"Source: MD channel Altium search dump via parse_report; list#277; batch 251–290, final batch; channel=Educational Engineering Team",url_recovered
cat-278,step-up-dc-to-dc-converter-using-max1709,Step Up DC to DC Converter using MAX1709,https://www.youtube.com/watch?v=jggVdHpaQX4,jggVdHpaQX4,id_present,Altium Designer,Intermediate,Educational Engineering Team tutorial: Step Up DC to DC Converter using MAX1709,0,,,"Source: MD channel Altium search dump via parse_report; list#278; batch 251–290, final batch; channel=Educational Engineering Team",url_recovered
cat-279,led-brightness-controller-with-555-timer,LED Brightness Controller with 555 Timer,https://www.youtube.com/watch?v=x-XbeUdDwCQ,x-XbeUdDwCQ,id_present,Altium Designer,Intermediate,Educational Engineering Team tutorial: LED Brightness Controller with 555 Timer,0,,,"Source: MD channel Altium search dump via parse_report; list#279; batch 251–290, final batch; channel=Educational Engineering Team",url_recovered
cat-280,09-mastering-pcb-layers-graphics-and-board-views-for-clear-design,"09| Mastering PCB Layers, Graphics, and Board Views for Clear Design",https://www.youtube.com/watch?v=V50fZEJzalk,V50fZEJzalk,id_present,Altium Designer,Intermediate,"Educational Engineering Team tutorial: 09| Mastering PCB Layers, Graphics, and Board Views for Clear Design",0,,Altium Develop series (episode 09),"Source: MD channel Altium search dump via parse_report; list#280; batch 251–290, final batch; channel=Educational Engineering Team",url_recovered
cat-281,micro-sd-card-module-using-altium,Micro SD Card Module using Altium,https://www.youtube.com/watch?v=wuIXQORvGP8,wuIXQORvGP8,id_present,Altium Designer,Intermediate,Educational Engineering Team tutorial: Micro SD Card Module using Altium,0,,,"Source: MD channel Altium search dump via parse_report; list#281; batch 251–290, final batch; channel=Educational Engineering Team",url_recovered
cat-282,modified-arduino-uno-schematic-altium-designer,Modified Arduino UNO Schematic - Altium Designer,https://www.youtube.com/watch?v=5Nus7vQMEog,5Nus7vQMEog,id_present,Altium Designer,Intermediate,Educational Engineering Team tutorial: Modified Arduino UNO Schematic - Altium Designer,0,,,"Source: MD channel Altium search dump via parse_report; list#282; batch 251–290, final batch; channel=Educational Engineering Team",url_recovered
cat-283,04-real-time-bom-risk-forecasting,04 Real time BOM risk forecasting,https://www.youtube.com/watch?v=dgWlodLd7nQ,dgWlodLd7nQ,id_present,Altium Designer,Intermediate,Educational Engineering Team tutorial: 04 Real time BOM risk forecasting,0,,Numbered tutorial (part 04),"Source: MD channel Altium search dump via parse_report; list#283; batch 251–290, final batch; channel=Educational Engineering Team",url_recovered
cat-284,usb-connector-schematic-altium-designer,USB Connector Schematic Altium Designer,https://www.youtube.com/watch?v=te29PX5CYas,te29PX5CYas,id_present,Altium Designer,Intermediate,Educational Engineering Team tutorial: USB Connector Schematic Altium Designer,0,,,"Source: MD channel Altium search dump via parse_report; list#284; batch 251–290, final batch; channel=Educational Engineering Team",url_recovered
cat-285,5v-usb-car-charger-with-78s05-1a-regulator,5v Usb Car Charger With 78s05 1a Regulator,https://www.youtube.com/watch?v=1R6hKODsq6Q,1R6hKODsq6Q,id_present,Altium Designer,Intermediate,Educational Engineering Team tutorial: 5v Usb Car Charger With 78s05 1a Regulator,0,,,"Source: MD channel Altium search dump via parse_report; list#285; batch 251–290, final batch; channel=Educational Engineering Team",url_recovered
cat-286,design-a-temperature-sensor-with-pic16f877a-using-altium-designer,Design A Temperature Sensor With Pic16f877a Using Altium Designer,https://www.youtube.com/watch?v=XpNYfMPdOUw,XpNYfMPdOUw,id_present,Altium Designer,Intermediate,Educational Engineering Team tutorial: Design A Temperature Sensor With Pic16f877a Using Altium Designer,0,,,"Source: MD channel Altium search dump via parse_report; list#286; batch 251–290, final batch; channel=Educational Engineering Team",url_recovered
cat-287,drawing-the-board-shape-altium-designer,Drawing The Board Shape Altium Designer,https://www.youtube.com/watch?v=rMi5znXRDqU,rMi5znXRDqU,id_present,Altium Designer,Intermediate,Educational Engineering Team tutorial: Drawing The Board Shape Altium Designer,0,,,"Source: MD channel Altium search dump via parse_report; list#287; batch 251–290, final batch; channel=Educational Engineering Team",url_recovered
cat-288,arduino-uno-r4-schematic-design-step-by-step-in-altium-designer-2,Arduino UNO R4 Schematic Design Step by Step in Altium Designer (2),https://www.youtube.com/watch?v=ZR0fi1geWAg,ZR0fi1geWAg,id_present,Altium Designer,Intermediate,Educational Engineering Team tutorial: Arduino UNO R4 Schematic Design Step by Step in Altium Designer (2),0,,,"Source: MD channel Altium search dump via parse_report; list#288; batch 251–290, final batch; channel=Educational Engineering Team",url_recovered
cat-289,lithium-li-ion-battery-charger-using-lp2951-ic,Lithium Li Ion Battery Charger using LP2951 IC,https://www.youtube.com/watch?v=NcKHW3QPj0U,NcKHW3QPj0U,id_present,Altium Designer,Intermediate,Educational Engineering Team tutorial: Lithium Li Ion Battery Charger using LP2951 IC,0,,,"Source: MD channel Altium search dump via parse_report; list#289; batch 251–290, final batch; channel=Educational Engineering Team",url_recovered
cat-290,arduino-uno-r4-new-features-and-functionality,Arduino Uno R4: New Features And Functionality,https://www.youtube.com/watch?v=W58AucWt5wE,W58AucWt5wE,id_present,Altium Designer,Intermediate,Educational Engineering Team tutorial: Arduino Uno R4: New Features And Functionality,0,,,"Source: MD channel Altium search dump via parse_report; list#290; batch 251–290, final batch; channel=Educational Engineering Team",url_recovered
cat-291,documentation-of-the-project-s-output-and-its-release,Documentation of the project's output and its release,https://www.youtube.com/watch?v=lmBU_kuSLxI,lmBU_kuSLxI,id_present,Altium Designer,Intermediate,Educational Engineering Team tutorial: Documentation of the project's output and its release,0,,,"Source: MD channel Altium search dump via parse_report; list#291; batch 291–end, final; channel=Educational Engineering Team",url_recovered
cat-292,getting-everything-you-need-for-multi-vibrator-projects,Getting Everything You Need for Multi-vibrator Projects,https://www.youtube.com/watch?v=QicVvQstXj0,QicVvQstXj0,id_present,Altium Designer,Intermediate,Educational Engineering Team tutorial: Getting Everything You Need for Multi-vibrator Projects,0,,,"Source: MD channel Altium search dump via parse_report; list#292; batch 291–end, final; channel=Educational Engineering Team",url_recovered
cat-293,editing-the-board-shape-part-ii,Editing the board shape part II,https://www.youtube.com/watch?v=OC9rgy6Y5P4,OC9rgy6Y5P4,id_present,Altium Designer,Intermediate,Educational Engineering Team tutorial: Editing the board shape part II,0,,,"Source: MD channel Altium search dump via parse_report; list#293; batch 291–end, final; channel=Educational Engineering Team",url_recovered
cat-294,placing-the-transistor-altium-designer,Placing the transistor - Altium Designer,https://www.youtube.com/watch?v=qOgwjfXy3dA,qOgwjfXy3dA,id_present,Altium Designer,Intermediate,Educational Engineering Team tutorial: Placing the transistor - Altium Designer,0,,,"Source: MD channel Altium search dump via parse_report; list#294; batch 291–end, final; channel=Educational Engineering Team",url_recovered
cat-295,08-grid-control-and-custom-board-shape-setup-for-pcb-layout,08| Grid Control and Custom Board Shape Setup for PCB Layout,https://www.youtube.com/watch?v=ZiwahuZ3JZI,ZiwahuZ3JZI,id_present,Altium Designer,Intermediate,Educational Engineering Team tutorial: 08| Grid Control and Custom Board Shape Setup for PCB Layout,0,,Altium Develop series (episode 08),"Source: MD channel Altium search dump via parse_report; list#295; batch 291–end, final; channel=Educational Engineering Team",url_recovered
cat-296,adjustable-switching-power-supply,Adjustable Switching Power Supply,https://www.youtube.com/watch?v=1CfplbdY3QI,1CfplbdY3QI,id_present,Altium Designer,Intermediate,Educational Engineering Team tutorial: Adjustable Switching Power Supply,0,,,"Source: MD channel Altium search dump via parse_report; list#296; batch 291–end, final; channel=Educational Engineering Team",url_recovered
cat-297,avoid-these-mistakes-when-assigning-resistor-footprints,Avoid These Mistakes When Assigning Resistor Footprints,https://www.youtube.com/watch?v=_pgl3ISfGn0,_pgl3ISfGn0,id_present,Altium Designer,Intermediate,Educational Engineering Team tutorial: Avoid These Mistakes When Assigning Resistor Footprints,0,,,"Source: MD channel Altium search dump via parse_report; list#297; batch 291–end, final; channel=Educational Engineering Team",url_recovered
cat-298,how-to-route-nets-on-a-pcb-a-beginner-s-guide,How to Route Nets on a PCB: A Beginner's Guide,https://www.youtube.com/watch?v=nOoTskdB2Eo,nOoTskdB2Eo,id_present,Altium Designer,Beginner,Educational Engineering Team tutorial: How to Route Nets on a PCB: A Beginner's Guide,0,,,"Source: MD channel Altium search dump via parse_report; list#298; batch 291–end, final; channel=Educational Engineering Team",url_recovered
cat-299,09-why-life-cycle-thinking-matters-in-hardware-engineering,09 Why Life Cycle Thinking Matters in Hardware Engineering,https://www.youtube.com/watch?v=y3bPH3zhqrg,y3bPH3zhqrg,id_present,Altium Designer,Intermediate,Educational Engineering Team tutorial: 09 Why Life Cycle Thinking Matters in Hardware Engineering,0,,Numbered tutorial (part 09),"Source: MD channel Altium search dump via parse_report; list#299; batch 291–end, final; channel=Educational Engineering Team",url_recovered
cat-300,positioning-the-components-on-a-pcb,Positioning the components on a PCB,https://www.youtube.com/watch?v=__ZnV_xHe4M,__ZnV_xHe4M,id_present,Altium Designer,Intermediate,Educational Engineering Team tutorial: Positioning the components on a PCB,0,,,"Source: MD channel Altium search dump via parse_report; list#300; batch 291–end, final; channel=Educational Engineering Team",url_recovered
cat-301,10-how-managers-use-cross-discipline-signals,10 How Managers Use Cross Discipline Signals,https://www.youtube.com/watch?v=WODdrxy0qMk,WODdrxy0qMk,id_present,Altium Designer,Intermediate,Educational Engineering Team tutorial: 10 How Managers Use Cross Discipline Signals,0,,Altium Develop how-to (part 10),"Source: MD channel Altium search dump via parse_report; list#301; batch 291–end, final; channel=Educational Engineering Team",url_recovered
cat-302,get-your-issues-resolved-in-no-time,Get your issues resolved in no time!,https://www.youtube.com/watch?v=h9MG_h-MU04,h9MG_h-MU04,id_present,Altium Designer,Intermediate,Educational Engineering Team tutorial: Get your issues resolved in no time!,0,,,"Source: MD channel Altium search dump via parse_report; list#302; batch 291–end, final; channel=Educational Engineering Team",url_recovered
cat-303,how-to-transfer-the-design-from-pcba-layout,How to transfer the design from PCBA layout,https://www.youtube.com/watch?v=nANZ23Roxog,nANZ23Roxog,id_present,Altium Designer,Intermediate,Educational Engineering Team tutorial: How to transfer the design from PCBA layout,0,,,"Source: MD channel Altium search dump via parse_report; list#303; batch 291–end, final; channel=Educational Engineering Team",url_recovered
cat-304,electronic-resistive-load,Electronic Resistive Load,https://www.youtube.com/watch?v=wxBvnzEo8ck,wxBvnzEo8ck,id_present,Altium Designer,Intermediate,Educational Engineering Team tutorial: Electronic Resistive Load,0,,,"Source: MD channel Altium search dump via parse_report; list#304; batch 291–end, final; channel=Educational Engineering Team",url_recovered
cat-305,verifying-your-board-design-part-2,Verifying your board design part 2,https://www.youtube.com/watch?v=4GyXjjMgUsw,4GyXjjMgUsw,id_present,Altium Designer,Intermediate,Educational Engineering Team tutorial: Verifying your board design part 2,0,,,"Source: MD channel Altium search dump via parse_report; list#305; batch 291–end, final; channel=Educational Engineering Team",url_recovered
cat-306,how-to-set-up-the-gerber-files,How to set up the Gerber files,https://www.youtube.com/watch?v=cKBD1X4ep5w,cKBD1X4ep5w,id_present,Altium Designer,Intermediate,Educational Engineering Team tutorial: How to set up the Gerber files,0,,,"Source: MD channel Altium search dump via parse_report; list#306; batch 291–end, final; channel=Educational Engineering Team",url_recovered
cat-307,how-to-prepare-the-output-bom-for-success,How to prepare the output BOM for success,https://www.youtube.com/watch?v=HrBKlDeqePs,HrBKlDeqePs,id_present,Altium Designer,Intermediate,Educational Engineering Team tutorial: How to prepare the output BOM for success,0,,,"Source: MD channel Altium search dump via parse_report; list#307; batch 291–end, final; channel=Educational Engineering Team",url_recovered
cat-308,verifying-the-design-of-your-board,Verifying the design of your board,https://www.youtube.com/watch?v=JoAdwSO8cp8,JoAdwSO8cp8,id_present,Altium Designer,Intermediate,Educational Engineering Team tutorial: Verifying the design of your board,0,,,"Source: MD channel Altium search dump via parse_report; list#308; batch 291–end, final; channel=Educational Engineering Team",url_recovered
cat-309,how-to-check-the-electrical-properties-of-your-schematic,How to check the electrical properties of your schematic,https://www.youtube.com/watch?v=GGjWtFXnH3c,GGjWtFXnH3c,id_present,Altium Designer,Intermediate,Educational Engineering Team tutorial: How to check the electrical properties of your schematic,0,,,"Source: MD channel Altium search dump via parse_report; list#309; batch 291–end, final; channel=Educational Engineering Team",url_recovered
cat-310,a-new-way-to-make-a-pcb,A new way to make a PCB,https://www.youtube.com/watch?v=Nu5DsfJtZdA,Nu5DsfJtZdA,id_present,Altium Designer,Intermediate,Educational Engineering Team tutorial: A new way to make a PCB,0,,,"Source: MD channel Altium search dump via parse_report; list#310; batch 291–end, final; channel=Educational Engineering Team",url_recovered
cat-311,designing-a-pcb-with-the-right-amount-of-routing-width,Designing a PCB with the right amount of routing width,https://www.youtube.com/watch?v=AEQMRcIm4K4,AEQMRcIm4K4,id_present,Altium Designer,Intermediate,Educational Engineering Team tutorial: Designing a PCB with the right amount of routing width,0,,,"Source: MD channel Altium search dump via parse_report; list#311; batch 291–end, final; channel=Educational Engineering Team",url_recovered
cat-312,setting-up-the-connection-matrix,Setting Up the Connection Matrix,https://www.youtube.com/watch?v=y3HC4sEMKHM,y3HC4sEMKHM,id_present,Altium Designer,Intermediate,Educational Engineering Team tutorial: Setting Up the Connection Matrix,0,,,"Source: MD channel Altium search dump via parse_report; list#312; batch 291–end, final; channel=Educational Engineering Team",url_recovered
cat-313,the-rule-checker-s-settings,The rule checker's settings,https://www.youtube.com/watch?v=tW2ZyrOt3bU,tW2ZyrOt3bU,id_present,Altium Designer,Intermediate,Educational Engineering Team tutorial: The rule checker's settings,0,,,"Source: MD channel Altium search dump via parse_report; list#313; batch 291–end, final; channel=Educational Engineering Team",url_recovered
cat-314,best-pcb-simulation-software-for-beginners,Best PCB Simulation Software for Beginners,https://www.youtube.com/watch?v=oqkifPhWox8,oqkifPhWox8,id_present,Altium Designer,Beginner,Educational Engineering Team tutorial: Best PCB Simulation Software for Beginners,0,,,"Source: MD channel Altium search dump via parse_report; list#314; batch 291–end, final; channel=Educational Engineering Team",url_recovered
cat-315,level-up-your-engineering-skills-with-ee,Level Up Your Engineering Skills with EE!,https://www.youtube.com/watch?v=D6EzgLx-CJo,D6EzgLx-CJo,id_present,Altium Designer,Intermediate,Educational Engineering Team tutorial: Level Up Your Engineering Skills with EE!,0,,,"Source: MD channel Altium search dump via parse_report; list#315; batch 291–end, final; channel=Educational Engineering Team",url_recovered
cat-316,uart-to-rs232-rj45-serial-adaptor-1,UART to RS232 RJ45 Serial Adaptor 1,https://www.youtube.com/watch?v=pmFULU7jxqs,pmFULU7jxqs,id_present,Altium Designer,Intermediate,Educational Engineering Team tutorial: UART to RS232 RJ45 Serial Adaptor 1,0,,,"Source: MD channel Altium search dump via parse_report; list#316; batch 291–end, final; channel=Educational Engineering Team",url_recovered
cat-317,the-future-of-pcb-design-is-merging-electronics-with-living-cells,The Future of PCB Design Is Merging Electronics With Living Cells,https://www.youtube.com/watch?v=SHhGDTKjRd4,SHhGDTKjRd4,id_present,Altium Designer,Intermediate,Educational Engineering Team tutorial: The Future of PCB Design Is Merging Electronics With Living Cells,0,,,"Source: MD channel Altium search dump via parse_report; list#317; batch 291–end, final; channel=Educational Engineering Team",url_recovered
cat-318,active-route-automated-interactive-routing,ACTIVE route automated interactive routing,https://www.youtube.com/watch?v=cdUsuq7i1Ak,cdUsuq7i1Ak,id_present,Altium Designer,Intermediate,Educational Engineering Team tutorial: ACTIVE route automated interactive routing,0,,,"Source: MD channel Altium search dump via parse_report; list#318; batch 291–end, final; channel=Educational Engineering Team",url_recovered
cat-319,checking-the-drc-rules,Checking the DRC Rules,https://www.youtube.com/watch?v=zKJ-RhACWO4,zKJ-RhACWO4,id_present,Altium Designer,Intermediate,Educational Engineering Team tutorial: Checking the DRC Rules,0,,,"Source: MD channel Altium search dump via parse_report; list#319; batch 291–end, final; channel=Educational Engineering Team",url_recovered
cat-320,how-to-properly-configure-your-pcb,How to properly configure your PCB,https://www.youtube.com/watch?v=vZ7TALfoeY0,vZ7TALfoeY0,id_present,Altium Designer,Intermediate,Educational Engineering Team tutorial: How to properly configure your PCB,0,,,"Source: MD channel Altium search dump via parse_report; list#320; batch 291–end, final; channel=Educational Engineering Team",url_recovered
cat-321,how-to-start-embedded-systems-programming-step-by-step-guide,How to Start Embedded Systems Programming (Step-by-Step Guide),https://www.youtube.com/watch?v=9nuLG09lScw,9nuLG09lScw,id_present,Other / Adjacent,Intermediate,Educational Engineering Team tutorial: How to Start Embedded Systems Programming (Step-by-Step Guide),0,,,"Source: MD channel Altium search dump via parse_report; list#321; batch 291–end, final; channel=Educational Engineering Team; HONEST: non-Altium / adjacent upload kept from search-tail; not an Altium Designer/Develop lesson",url_recovered
cat-322,recognizing-the-source-of-the-error,Recognizing the source of the error,https://www.youtube.com/watch?v=uqQNYu9rYTQ,uqQNYu9rYTQ,id_present,Other / Adjacent,Intermediate,Educational Engineering Team tutorial: Recognizing the source of the error,0,,,"Source: MD channel Altium search dump via parse_report; list#322; batch 291–end, final; channel=Educational Engineering Team; HONEST: non-Altium / adjacent upload kept from search-tail; not an Altium Designer/Develop lesson",url_recovered
cat-323,62-working-with-active-route,62 Working with ACTIVE route,https://www.youtube.com/watch?v=q6ANYmsjsn0,q6ANYmsjsn0,id_present,Other / Adjacent,Intermediate,Educational Engineering Team tutorial: 62 Working with ACTIVE route,0,,Numbered tutorial (part 62),"Source: MD channel Altium search dump via parse_report; list#323; batch 291–end, final; channel=Educational Engineering Team; HONEST: non-Altium / adjacent upload kept from search-tail; not an Altium Designer/Develop lesson",url_recovered
cat-324,identifying-the-source-of-the-problem,Identifying the source of the problem,https://www.youtube.com/watch?v=9sFax1acKFM,9sFax1acKFM,id_present,Other / Adjacent,Intermediate,Educational Engineering Team tutorial: Identifying the source of the problem,0,,,"Source: MD channel Altium search dump via parse_report; list#324; batch 291–end, final; channel=Educational Engineering Team; HONEST: non-Altium / adjacent upload kept from search-tail; not an Altium Designer/Develop lesson",url_recovered
cat-325,project-share-the-best-way-to-save-for-your-future,Project Share: The Best Way to Save for Your Future,https://www.youtube.com/watch?v=ULDq6OeGiVw,ULDq6OeGiVw,id_present,Other / Adjacent,Intermediate,Educational Engineering Team tutorial: Project Share: The Best Way to Save for Your Future,0,,,"Source: MD channel Altium search dump via parse_report; list#325; batch 291–end, final; channel=Educational Engineering Team; HONEST: non-Altium / adjacent upload kept from search-tail; not an Altium Designer/Develop lesson",url_recovered
cat-326,deep-dive-exploring-every-circuitry-detail-arduino-uno-r4-schematic-pcb-design-c,Deep Dive Exploring Every Circuitry Detail Arduino UNO R4 Schematic & PCB Design Course,https://www.youtube.com/watch?v=ardin_BCbiA,ardin_BCbiA,id_present,Other / Adjacent,Intermediate,Educational Engineering Team tutorial: Deep Dive Exploring Every Circuitry Detail Arduino UNO R4 Schematic & PCB Design Course,0,,,"Source: MD channel Altium search dump via parse_report; list#326; batch 291–end, final; channel=Educational Engineering Team; HONEST: non-Altium / adjacent upload kept from search-tail; not an Altium Designer/Develop lesson",url_recovered
cat-327,download-and-install-arduino-pro-ide-2-0-0,Download and Install Arduino Pro IDE 2.0.0,https://www.youtube.com/watch?v=Qf7JK2hBIXg,Qf7JK2hBIXg,id_present,Other / Adjacent,Beginner,Educational Engineering Team tutorial: Download and Install Arduino Pro IDE 2.0.0,0,,,"Source: MD channel Altium search dump via parse_report; list#327; batch 291–end, final; channel=Educational Engineering Team; HONEST: non-Altium / adjacent upload kept from search-tail; not an Altium Designer/Develop lesson",url_recovered
cat-328,everything-you-need-to-know-about-octopart-marketing,Everything you need to know about octopart marketing,https://www.youtube.com/watch?v=YuWWrNi7U5A,YuWWrNi7U5A,id_present,Other / Adjacent,Intermediate,Educational Engineering Team tutorial: Everything you need to know about octopart marketing,0,,,"Source: MD channel Altium search dump via parse_report; list#328; batch 291–end, final; channel=Educational Engineering Team; HONEST: non-Altium / adjacent upload kept from search-tail; not an Altium Designer/Develop lesson",url_recovered
cat-329,download-and-install-easyeda-free-circuit-design-and-pcb-software,Download and Install EasyEDA FREE Circuit Design and PCB Software,https://www.youtube.com/watch?v=LXDf-KTQZdg,LXDf-KTQZdg,id_present,Other / Adjacent,Beginner,Educational Engineering Team tutorial: Download and Install EasyEDA FREE Circuit Design and PCB Software,0,,,"Source: MD channel Altium search dump via parse_report; list#329; batch 291–end, final; channel=Educational Engineering Team; HONEST: non-Altium / adjacent upload kept from search-tail; not an Altium Designer/Develop lesson",url_recovered
cat-330,make-a-raspberry-pi-in-minutes-step-by-step-guide,Make A Raspberry Pi In Minutes: Step-by-step Guide,https://www.youtube.com/watch?v=_El0QCptUic,_El0QCptUic,id_present,Other / Adjacent,Intermediate,Educational Engineering Team tutorial: Make A Raspberry Pi In Minutes: Step-by-step Guide,0,,,"Source: MD channel Altium search dump via parse_report; list#330; batch 291–end, final; channel=Educational Engineering Team; HONEST: non-Altium / adjacent upload kept from search-tail; not an Altium Designer/Develop lesson",url_recovered
cat-331,raspberry-pi-2-components,Raspberry Pi 2 Components,https://www.youtube.com/watch?v=buiLzg3FiSE,buiLzg3FiSE,id_present,Other / Adjacent,Intermediate,Educational Engineering Team tutorial: Raspberry Pi 2 Components,0,,,"Source: MD channel Altium search dump via parse_report; list#331; batch 291–end, final; channel=Educational Engineering Team; HONEST: non-Altium / adjacent upload kept from search-tail; not an Altium Designer/Develop lesson",url_recovered
cat-332,educational-engineering-team,Educational Engineering Team,https://www.youtube.com/watch?v=GTUwrSLIqcA,GTUwrSLIqcA,id_present,Other / Adjacent,Intermediate,Educational Engineering Team tutorial: Educational Engineering Team,0,,,"Source: MD channel Altium search dump via parse_report; list#332; batch 291–end, final; channel=Educational Engineering Team; HONEST: non-Altium / adjacent upload kept from search-tail; not an Altium Designer/Develop lesson",url_recovered
cat-333,altium-designer-interface-introduction,Altium Designer Interface Introduction,https://www.youtube.com/watch?v=V0X7poEedTs,V0X7poEedTs,id_present,Altium Designer,Beginner,Educational Engineering Team tutorial: Altium Designer Interface Introduction,0,,,Source: MD channel Altium search dump via parse_report; csv-only (no list_index); channel=Educational Engineering Team,url_recovered
